slice_id,patient_id,psnr,ssim,lpips,dists,r_h
000001_01_01_109.png,000001,29.568988236360898,0.872930870140024,0.10376992076635361,0.12926721572875977,1.4264606949301375
000001_02_01_014.png,000001,31.300891515157964,0.8854979625351576,0.13796395063400269,0.10001200437545776,1.6168507213810555
000001_02_01_017.png,000001,31.463141041361755,0.8862925831985007,0.12901648879051208,0.10128265619277954,2.3092514872830727
000001_03_01_088.png,000001,30.761327296446286,0.8723963763502205,0.08879409730434418,0.09177672863006592,0.814823467040031
000001_04_01_017.png,000001,30.11997089630313,0.8658095238212744,0.0948653519153595,0.08291763067245483,1.0346426412442382
000016_01_01_008.png,000016,31.885786508085786,0.8630794139448746,0.09519689530134201,0.13449281454086304,1.0959727054624968
000016_01_01_025.png,000016,31.447628455001762,0.8396932351897992,0.12582513689994812,0.14408224821090698,0.9570386401404082
000016_01_01_030.png,000016,30.935216775494993,0.831297124375568,0.12223272770643234,0.14231497049331665,0.8580621142839863
000016_02_01_253.png,000016,30.834504666526776,0.8762532768953916,0.05466163530945778,0.0955243706703186,0.7935298659428005
000016_02_01_333.png,000016,29.89387482975067,0.8723689830631048,0.06459119915962219,0.10460150241851807,0.7327682604826464
000016_02_01_346.png,000016,29.946756332084515,0.8697904706326516,0.07717663794755936,0.11933648586273193,0.7241106697311485
000016_02_01_358.png,000016,29.676949999242773,0.8710755835309493,0.07429572194814682,0.12268853187561035,0.7064618144067549
000021_01_01_016.png,000021,34.37483130810993,0.929163180241934,0.04964078962802887,0.11684024333953857,1.392187793235311
000021_02_01_068.png,000021,32.17828999528349,0.8954373637219297,0.059283554553985596,0.1218949556350708,1.056756022084897
000021_03_01_012.png,000021,31.47350162768413,0.8892529417876669,0.07421427965164185,0.12171727418899536,1.165167045032191
000021_03_01_017.png,000021,31.868185760129293,0.9026825192621432,0.059084609150886536,0.130171000957489,1.0618436592783491
000021_04_01_090.png,000021,31.315433759087256,0.8903111790474986,0.05412237346172333,0.09842145442962646,0.944344179563239
000029_01_01_063.png,000029,29.536041376812125,0.8438544781730933,0.11517983675003052,0.12955164909362793,0.6612900748535088
000029_02_01_042.png,000029,29.550859467977308,0.7708516485231,0.1627136915922165,0.1364409327507019,0.49851715024193527
000029_02_02_228.png,000029,27.65185389829465,0.7224307291135457,0.1981240063905716,0.15464478731155396,0.32553158145580796
000030_02_01_239.png,000030,28.31726980573417,0.7003545458839741,0.06744760274887085,0.05370885133743286,0.7759474920811662
000034_01_01_025.png,000034,29.35729666456647,0.8513523984605269,0.13152053952217102,0.1322411298751831,1.6176493153261513
000039_01_01_064.png,000039,31.17542419122301,0.8843420288222881,0.06516613811254501,0.09799426794052124,0.9848056616998666
000039_01_01_067.png,000039,31.49092504781809,0.890746769367105,0.05772826820611954,0.10283976793289185,0.9895435297118659
000039_02_01_057.png,000039,31.308769508311794,0.8912313404091335,0.059568680822849274,0.08718949556350708,0.8199793795504361
000039_03_01_061.png,000039,30.439705508057898,0.8754174095226818,0.058786191046237946,0.08001834154129028,0.8280377605324812
000039_03_01_062.png,000039,30.46315156351342,0.8804905100456726,0.06147521734237671,0.08522862195968628,0.836066118100486
000039_04_01_058.png,000039,30.578325563148084,0.8765034764479176,0.06022324040532112,0.08669263124465942,0.7571988055258341
000039_04_01_060.png,000039,30.32424792772099,0.8824613320562003,0.05811653286218643,0.08791559934616089,0.7727150270372704
000039_05_01_069.png,000039,28.86446601002653,0.8317345606797878,0.08692525327205658,0.11727285385131836,0.8451148194784518
000040_01_01_082.png,000040,31.118698028295853,0.7916805140643735,0.11404483020305634,0.08211570978164673,1.3642344249939955
000040_02_01_096.png,000040,27.861783980008976,0.701322910406757,0.11108515411615372,0.06923341751098633,0.7840157546998106
000040_03_01_084.png,000040,29.44703910979534,0.7348324137598092,0.07683399319648743,0.06564551591873169,0.7771336465419135
000040_04_01_085.png,000040,30.390228228702316,0.7747197442272051,0.11155909299850464,0.0988924503326416,1.4841642773066281
000040_05_01_081.png,000040,28.6826996031047,0.7080214739837224,0.0865473598241806,0.06573820114135742,0.8746894508597378
000040_05_02_122.png,000040,30.864306031804027,0.8922294422321402,0.06955160200595856,0.09207099676132202,0.7996328759951709
000040_06_01_089.png,000040,26.893157662876796,0.668027505044484,0.10181228816509247,0.056973159313201904,0.7291258581670882
000046_01_01_044.png,000046,32.4052441818734,0.8839322552195648,0.058764874935150146,0.09434789419174194,0.895509415095574
000046_01_02_058.png,000046,32.711027095872524,0.9077408456568817,0.035016924142837524,0.09613734483718872,1.0270114844490168
000046_02_01_019.png,000046,31.96106910569561,0.8799444607140374,0.06152357533574104,0.10550528764724731,0.9133603268892427
000046_02_02_054.png,000046,32.34457756534624,0.8898110199968349,0.051153574138879776,0.10949152708053589,0.9534647583615694
000046_03_01_020.png,000046,31.476081736584888,0.8539161207236677,0.07771716266870499,0.10395538806915283,1.0181135614360837
000046_03_01_026.png,000046,31.57619487180122,0.8778752374219538,0.057081468403339386,0.09706491231918335,1.110391927192294
000046_03_02_050.png,000046,31.98538558879171,0.8619848994248275,0.08020761609077454,0.1151769757270813,0.9931399344933793
000046_03_02_057.png,000046,32.13861377563126,0.8894407168542808,0.05102361738681793,0.09753841161727905,1.0390171442266862
000046_03_02_092.png,000046,32.082289842730134,0.8653955415910745,0.06273942440748215,0.09999680519104004,0.9806955481839575
000046_03_02_098.png,000046,32.453976184941496,0.8639515246440457,0.07392199337482452,0.1154932975769043,0.997401111332278
000047_01_01_002.png,000047,32.8037836206483,0.9231989775634055,0.04283010587096214,0.11490345001220703,0.8278431627909676
000047_01_01_066.png,000047,32.58314471348442,0.8986633110935505,0.06249777227640152,0.10608404874801636,0.7826183982405759
000047_01_01_097.png,000047,31.42404497874731,0.8906606542160099,0.0709201768040657,0.10505008697509766,0.8312017476989824
000047_01_01_099.png,000047,31.344092409830886,0.8863443692870752,0.07519496977329254,0.10942286252975464,0.856894820632672
000047_02_01_004.png,000047,32.576491465001254,0.9181529510970778,0.05290433019399643,0.10112404823303223,0.8123710363442095
000047_02_01_069.png,000047,32.04835497845086,0.8913219234849115,0.07012426853179932,0.13006001710891724,0.7515092811475993
000047_02_01_100.png,000047,31.6573467345802,0.8889545251026005,0.07725861668586731,0.10610288381576538,0.8560766988267634
000047_02_01_103.png,000047,31.895445900092028,0.8934981036639075,0.07161501049995422,0.12297415733337402,0.8483534211363957
000047_03_01_069.png,000047,31.95016731822463,0.9008437704988905,0.050040654838085175,0.10682684183120728,0.9553618889653065
000047_03_01_101.png,000047,30.92789278692417,0.8794668060407593,0.0670909583568573,0.11004990339279175,0.9857667050937108
000047_03_01_106.png,000047,31.526280656719955,0.8808129179800778,0.07079747319221497,0.1199302077293396,1.0120584040482254
000047_04_01_068.png,000047,31.74679274633315,0.8848015875770704,0.06623195111751556,0.11421853303909302,0.9750105449640886
000047_04_01_100.png,000047,30.600629501106297,0.8628561804767576,0.07863485813140869,0.11118018627166748,1.02548330235521
000047_04_01_105.png,000047,30.891168611652148,0.8686711454121779,0.08395732939243317,0.12014299631118774,1.038211664737999
000047_05_01_068.png,000047,31.02408731374194,0.8772885409880926,0.07161232084035873,0.11223721504211426,0.93913900608595
000047_05_01_099.png,000047,30.06051456471459,0.8521657013357908,0.09064605832099915,0.10826075077056885,0.9154055248676987
000047_05_01_104.png,000047,30.20655626539095,0.8567725778227696,0.09394704550504684,0.12660664319992065,0.9184067634022017
000047_06_01_067.png,000047,30.704582212897073,0.8735708388830574,0.08055178076028824,0.12689995765686035,0.8661152370703111
000047_06_01_099.png,000047,29.88404138582566,0.8511888815179889,0.08852631598711014,0.11314278841018677,0.8394481113252236
000047_06_01_103.png,000047,30.057897601017128,0.8549401815074016,0.08916249871253967,0.11449891328811646,0.8442183509833558
000047_07_01_068.png,000047,32.599792037478394,0.9040674241683959,0.05199774354696274,0.10831701755523682,0.857485875035281
000047_07_01_099.png,000047,31.754126846263873,0.8934976091153247,0.060857947915792465,0.10683971643447876,0.8808464319887508
000047_07_01_104.png,000047,31.95249851412342,0.8949829743269005,0.057009175419807434,0.10884273052215576,0.881022472231262
000047_08_01_065.png,000047,31.025359887758064,0.8811893176870073,0.05791804566979408,0.1093825101852417,0.8933248104387574
000047_08_01_097.png,000047,29.965840968356762,0.8604240436082355,0.07172355055809021,0.10713779926300049,0.9250632870998516
000047_08_01_101.png,000047,29.804403485494284,0.8636929655858975,0.07535980641841888,0.11915993690490723,0.9126783727537326
000047_09_01_097.png,000047,30.931122695703294,0.8889330090049753,0.058157436549663544,0.09868746995925903,0.8538253591000039
000047_09_01_100.png,000047,31.0852693605745,0.8896893215988464,0.059813689440488815,0.1231948733329773,0.8751947117297209
000047_10_01_051.png,000047,32.76414670581157,0.9063106988791062,0.04446271061897278,0.08212000131607056,1.00596070186198
000047_10_01_054.png,000047,32.04634144698109,0.8882555993325296,0.05343827232718468,0.10175877809524536,0.9491209508579046
000047_10_01_098.png,000047,30.21525735383742,0.8612294424350293,0.07880651950836182,0.11294221878051758,0.9953162477974548
000047_11_01_097.png,000047,30.41864332524201,0.874205120101664,0.07357385754585266,0.09227800369262695,0.9322712484684925
000047_12_01_099.png,000047,29.45853858473321,0.853724719612619,0.07080285251140594,0.09210467338562012,0.9761239563038462
000052_01_01_023.png,000052,30.43202559769627,0.9009239107293965,0.06023052707314491,0.08581572771072388,0.7366335849591324
000052_02_01_026.png,000052,29.550444936116207,0.8843595744172104,0.05027632415294647,0.09539872407913208,0.900700684203949
000052_03_01_026.png,000052,31.6411315899439,0.8996469778151815,0.05628487840294838,0.10435885190963745,1.1511012240099678
000053_01_01_063.png,000053,30.777242785533623,0.8713235348359987,0.077790267765522,0.11748838424682617,0.7950648541307435
000053_02_01_066.png,000053,30.311961250308293,0.8395875998898877,0.09709019213914871,0.10073339939117432,0.796503250838513
000053_03_01_044.png,000053,32.33279348230292,0.8977428075737836,0.04900646209716797,0.08920109272003174,0.8758017443115671
000053_04_01_042.png,000053,32.22415427851687,0.9000949973558893,0.04335709661245346,0.09470099210739136,0.8411905801659816
000053_04_01_048.png,000053,31.840579976602875,0.8877755689222617,0.05011706426739693,0.09223812818527222,0.8465480434196377
000053_04_01_070.png,000053,32.46348213993058,0.8925458438872326,0.056168146431446075,0.12211167812347412,0.8587823624717673
000053_04_02_291.png,000053,30.834390189085653,0.8791215870107125,0.06857407838106155,0.12222868204116821,0.767856517743594
000053_05_01_044.png,000053,33.002309206726615,0.910119855545159,0.042742617428302765,0.09143424034118652,0.8857203043825922
000053_05_01_046.png,000053,32.51119088544647,0.8990579518940282,0.04575693607330322,0.08621782064437866,0.8888966702884392
000053_05_01_050.png,000053,32.090574434967735,0.8881098834876584,0.05124499648809433,0.09774160385131836,0.8870976822136912
000053_05_01_054.png,000053,32.002026440179584,0.883669288087624,0.06008324772119522,0.11050856113433838,0.8727475142564882
000053_05_01_072.png,000053,32.20341354623366,0.8837809895887259,0.060532644391059875,0.13163870573043823,0.8485949510001152
000053_06_01_222.png,000053,31.78855753952398,0.8911434065639564,0.05292746424674988,0.08182823657989502,0.9211189940433091
000053_06_01_231.png,000053,31.170673134016063,0.8753415854161922,0.06203258037567139,0.08634722232818604,0.925687749955232
000053_06_01_253.png,000053,30.704463634145096,0.8631894940165368,0.06524232029914856,0.09132790565490723,0.8968846235591511
000053_06_01_263.png,000053,30.567349357544728,0.8557020113743173,0.0760590136051178,0.08895039558410645,0.9099404306444052
000053_06_01_285.png,000053,30.580246686320027,0.8616611769969352,0.0654994547367096,0.10509729385375977,0.9043008418318575
000053_06_01_297.png,000053,30.61941857872295,0.8574446234716089,0.06744314730167389,0.10081654787063599,0.8889981366646024
000053_06_01_360.png,000053,31.07524490275384,0.8658334120653274,0.06132140010595322,0.11794936656951904,0.8842435852583749
000064_01_01_061.png,000064,30.14084557574545,0.8535094308971851,0.08013123273849487,0.09130114316940308,0.8007022779005802
000064_01_01_063.png,000064,30.251755826725745,0.8544873664503257,0.08020295202732086,0.09662753343582153,0.7789268000626626
000064_01_01_067.png,000064,30.19056426197833,0.8685347109441263,0.06496784836053848,0.08761948347091675,0.7916841401803615
000064_01_01_082.png,000064,30.858337007126394,0.8830798393115887,0.05457054451107979,0.08103245496749878,0.8038295137600342
000064_02_01_063.png,000064,31.02124146118515,0.8525852558853623,0.0796230211853981,0.09419625997543335,0.9822335166191922
000064_02_01_068.png,000064,31.246637493767558,0.8703390313044567,0.06325369328260422,0.09705054759979248,1.0175184102274986
000064_02_01_083.png,000064,32.012427894656,0.8867817400378558,0.053942885249853134,0.10017138719558716,0.9937952746461981
000067_01_01_063.png,000067,29.65639460132184,0.8421824798458766,0.10961198806762695,0.1012730598449707,0.7454210023934033
000067_02_01_131.png,000067,29.50650193589724,0.848370628124554,0.09193410724401474,0.09115052223205566,0.679917045415451
000067_02_01_215.png,000067,29.864492388686816,0.8456812176305506,0.09994924068450928,0.12595432996749878,0.683937594664454
000074_01_01_065.png,000074,30.116343365175968,0.8210132187990378,0.1303359717130661,0.12648582458496094,0.794885678750334
000074_01_01_068.png,000074,29.998745626334923,0.8242110661730742,0.12740154564380646,0.12007021903991699,0.8078566713486082
000074_01_01_074.png,000074,30.057470717349226,0.821340221038438,0.12967965006828308,0.14666682481765747,0.7810920183666517
000074_02_01_026.png,000074,31.136714471629986,0.8697707091320986,0.07911966741085052,0.11386322975158691,0.7096632137423086
000074_02_01_029.png,000074,31.01905469598503,0.869969600628165,0.073415607213974,0.12130594253540039,0.7188497420209592
000074_02_01_036.png,000074,31.246624110199463,0.871141762353292,0.07539033889770508,0.11609053611755371,0.7366371093008575
000076_01_01_057.png,000076,31.672490931773698,0.8894863189978132,0.06514259427785873,0.10368353128433228,0.8451980294028608
000076_02_01_057.png,000076,31.4720920217731,0.8753722471939547,0.06963936239480972,0.08554226160049438,0.8601979890439766
000085_01_01_068.png,000085,30.834564850022517,0.8727533404835733,0.08581732213497162,0.09781986474990845,0.7735620221168886
000085_02_01_071.png,000085,30.150810405706284,0.856608134719125,0.07493720203638077,0.09962642192840576,0.8243505056602597
000085_03_01_069.png,000085,30.859646172400986,0.8829012855111121,0.05714048817753792,0.10124045610427856,0.7740002489161412
001224_01_01_043.png,001224,31.813037597144096,0.9178503775459634,0.03281930834054947,0.0788412094116211,0.8939855754706744
001224_01_01_072.png,001224,30.869948819498152,0.8862672140749729,0.0542881079018116,0.08836221694946289,0.7877259426547666
001224_01_01_073.png,001224,30.899626762774552,0.8892765482187822,0.05556930974125862,0.08782738447189331,0.7915434777517616
001224_01_02_172.png,001224,27.3508148899236,0.6881109932011883,0.07820436358451843,0.05496591329574585,0.7037634824622473
001244_01_01_039.png,001244,29.72073465550055,0.8375455618111746,0.10341794043779373,0.11006468534469604,0.7445307200069342
001244_01_01_045.png,001244,30.13608065285796,0.8336019576849094,0.10685001313686371,0.13113641738891602,0.7697462875978772
001245_01_01_081.png,001245,30.367945476046778,0.7969828856299831,0.14238546788692474,0.14438515901565552,0.669164956596882
001253_01_01_128.png,001253,29.31193603326183,0.8270260888256443,0.10896965116262436,0.13130086660385132,0.7093095563111677
001253_01_01_158.png,001253,29.140312263422636,0.8391174295432469,0.09768198430538177,0.12271678447723389,0.7316224847723896
001253_01_02_352.png,001253,28.875028252105462,0.8403559206519556,0.0901295617222786,0.10965460538864136,0.7058565359898481
001253_01_02_377.png,001253,28.859671337954644,0.8402599850761722,0.09062881022691727,0.11460191011428833,0.698948588452874
001253_02_01_327.png,001253,29.77787847855842,0.8396581391161584,0.09485794603824615,0.10725671052932739,0.7065541018269781
001253_02_01_361.png,001253,29.296520985834885,0.8436181831497526,0.08413515985012054,0.09972846508026123,0.6764713497499261
001254_01_01_114.png,001254,28.98096534223194,0.8233062903129039,0.1081153079867363,0.11245834827423096,0.6856228073547581
001254_01_01_141.png,001254,29.00802490427821,0.835178022623538,0.10107594728469849,0.0991600751876831,0.6690624478935566
001254_01_02_361.png,001254,29.335447136817685,0.8524407090659071,0.08168675005435944,0.11182147264480591,0.7522062725144669
001254_01_02_363.png,001254,29.33355354533539,0.8525856547178235,0.08328147232532501,0.11031448841094971,0.7439129577364132
001259_01_01_080.png,001259,30.098182902921433,0.864124451011467,0.0773303359746933,0.10017770528793335,0.8991061407599297
001259_02_01_072.png,001259,30.798546940328325,0.8918784862292555,0.05574263632297516,0.0984184741973877,0.749359743096181
001263_01_01_053.png,001263,30.550777824344088,0.8347825970704428,0.10922417044639587,0.1276797652244568,0.7348340460883951
001263_02_01_245.png,001263,28.316466653847748,0.7717843333019946,0.1677781194448471,0.14896762371063232,0.4791287516112681
001264_01_01_026.png,001264,31.002153737809657,0.8947944141756903,0.05679307505488396,0.10621887445449829,1.0288565475841283
001269_01_01_056.png,001269,31.31476267720602,0.8628124676515425,0.07557927072048187,0.11622917652130127,0.8044402938610458
001276_01_01_019.png,001276,30.55326236630861,0.8849791505144752,0.06722526252269745,0.08735787868499756,1.019121358450921
001276_01_01_025.png,001276,30.389467360924442,0.885777413781643,0.05770016089081764,0.08292460441589355,0.9894866885082347
001276_01_01_033.png,001276,30.204230366294098,0.8877305978466357,0.06367844343185425,0.10323548316955566,1.028761088162389
001276_01_01_055.png,001276,28.758189937357596,0.8448322713341782,0.0857095718383789,0.08692973852157593,0.873983455769601
001276_01_01_064.png,001276,29.131293478647553,0.8553312920970667,0.07716403156518936,0.09754306077957153,0.9091192910759489
001276_01_01_067.png,001276,29.412203596635834,0.8588940516708307,0.08019933849573135,0.09817105531692505,0.9139219602633463
001276_01_02_106.png,001276,25.479743527742727,0.6561310129377704,0.09399507939815521,0.044933974742889404,0.7473300290499328
001276_01_02_151.png,001276,25.449235875290324,0.6670998311254983,0.08675689995288849,0.05165070295333862,0.7162906637922721
001276_01_02_161.png,001276,25.534061514266448,0.6718978960652547,0.09560960531234741,0.047519683837890625,0.7056733513598151
001276_02_01_030.png,001276,29.577404578515527,0.8817414939066299,0.07777763158082962,0.09761178493499756,0.8052991297636403
001276_02_01_035.png,001276,29.52276336245687,0.8740159874197034,0.07688616961240768,0.09555691480636597,0.7988876432863071
001276_03_01_028.png,001276,30.195685408662307,0.8857154631796382,0.06996673345565796,0.09420686960220337,0.9370165392353398
001276_03_01_032.png,001276,29.96044767889954,0.8819551561322436,0.07352454215288162,0.09281551837921143,0.9238130206985776
001276_03_02_161.png,001276,24.41989385255575,0.6572593663240428,0.12254947423934937,0.051010072231292725,0.6286180232552336
001276_04_01_031.png,001276,30.734184924812485,0.9035529517909142,0.04720107465982437,0.08536553382873535,0.9508840961968782
001276_04_01_056.png,001276,29.912481517150017,0.8579466077076418,0.07564669102430344,0.08964627981185913,0.7714290509263898
001276_04_01_065.png,001276,29.909390153190564,0.8733971677771654,0.06786936521530151,0.09106719493865967,0.8047212399275271
001276_04_01_070.png,001276,30.293855756321804,0.8894569440618043,0.05896245315670967,0.0927463173866272,0.8367829683457046
001276_04_01_079.png,001276,31.171858596736186,0.8869143178952138,0.06336493790149689,0.11767959594726562,0.827765342191626
001276_04_01_129.png,001276,31.352640440697186,0.875983188255805,0.06811970472335815,0.12052637338638306,0.9220122654046748
001276_04_02_103.png,001276,26.361106776800362,0.6788553726103467,0.09425165504217148,0.04708665609359741,0.6973886977379149
001276_04_02_173.png,001276,26.253206175854388,0.6727195489947401,0.09447158128023148,0.05428093671798706,0.6913034477794369
001276_05_01_033.png,001276,30.29659905300914,0.8928792380040612,0.057266443967819214,0.0887293815612793,0.9744863000241532
001276_05_01_035.png,001276,30.226966219395646,0.8929196773993373,0.059061333537101746,0.08468955755233765,1.002608522492523
001276_05_01_038.png,001276,30.171723350351215,0.8983477877270372,0.06004391610622406,0.09418153762817383,1.0653585628029323
001276_05_01_062.png,001276,28.85781134255131,0.839448718750675,0.09005679935216904,0.09800243377685547,0.8865328595665675
001276_05_01_072.png,001276,29.154609900056528,0.8571619429660428,0.08106422424316406,0.1087646484375,0.9055913488272666
001276_05_01_076.png,001276,29.613841876856576,0.8706541722881452,0.07673647999763489,0.1136634349822998,0.8770964758905562
001276_05_01_136.png,001276,30.606609306121758,0.8533709125247111,0.09195736050605774,0.12783193588256836,1.085815743357824
001277_01_01_185.png,001277,27.625012483162124,0.6794580223604594,0.0895729809999466,0.054413795471191406,0.7709026444648056
001277_02_01_380.png,001277,29.82235273522308,0.8102224434089588,0.11761540919542313,0.11086428165435791,0.7274722607737214
001286_01_01_046.png,001286,30.445886517882805,0.8723181509508074,0.06970331072807312,0.0966443419456482,0.8370647936765392
001286_01_02_022.png,001286,29.650820109757735,0.8888873748755668,0.056760694831609726,0.0990026593208313,0.8448664254531094
001286_01_02_023.png,001286,29.60336988344428,0.8879551544447827,0.057579465210437775,0.09071797132492065,0.8507239097524311
001286_01_02_041.png,001286,29.929319691219565,0.8916112369328107,0.0517321415245533,0.09379976987838745,0.8910863941492457
001286_01_02_049.png,001286,30.196511943579342,0.8894611048033657,0.05671139806509018,0.10319757461547852,0.8712746175132542
001286_01_02_227.png,001286,29.61905461571289,0.8605557979910657,0.06718835234642029,0.08782047033309937,0.7630018196957236
001286_01_02_290.png,001286,29.93024448200707,0.8736616505154349,0.06318870186805725,0.09271389245986938,0.7944953395048824
001286_01_02_301.png,001286,29.88219929338375,0.8788055081638286,0.056313417851924896,0.08333003520965576,0.796786268820285
001286_01_03_151.png,001286,26.578272327771593,0.6653665186740044,0.10141471773386002,0.050929129123687744,0.7366144966481986
001292_01_01_093.png,001292,30.01852844443814,0.8343558681849178,0.11001086235046387,0.12590694427490234,0.8732799615779996
001292_01_01_105.png,001292,30.73419210078798,0.8320888128589717,0.1154181957244873,0.1364591121673584,0.8620352192872615
001292_02_01_054.png,001292,30.511286456171117,0.8985716093119609,0.047588299959897995,0.10922199487686157,0.7283964076713446
001292_02_01_091.png,001292,30.852097927025262,0.8804937348070763,0.07054300606250763,0.10402810573577881,0.7686411742127999
001292_02_01_105.png,001292,31.57000500908793,0.8734501606961799,0.09359011054039001,0.1423107385635376,0.7872181066603651
001292_03_01_055.png,001292,29.14086943185155,0.7908978180603498,0.13827459514141083,0.13192957639694214,0.7404101900519285
001292_03_02_133.png,001292,24.99682753303297,0.6437471395115649,0.11384611576795578,0.05153161287307739,0.680960334756894
001292_03_02_159.png,001292,25.069900233556464,0.6462260945766038,0.10471969842910767,0.04734396934509277,0.701753556649981
001292_04_01_135.png,001292,25.489391023688306,0.6386886354674085,0.10197709500789642,0.04243403673171997,0.725844652074371
001292_04_01_166.png,001292,25.760253431201225,0.6449737045182158,0.0991239845752716,0.048324406147003174,0.7333471497919395
001292_04_01_170.png,001292,25.609230831376607,0.6445751345445923,0.10156209766864777,0.045655012130737305,0.7050946708588894
001292_05_01_126.png,001292,23.959286022985943,0.6271525664277947,0.12197904288768768,0.04744231700897217,0.6272375277880454
001292_06_01_079.png,001292,26.494861910935686,0.6424854333557586,0.10907682776451111,0.061033785343170166,0.8026406027760187
001292_06_01_107.png,001292,25.729215410173826,0.6425959040436502,0.10544625669717789,0.051106929779052734,0.7278558111926927
001292_06_01_124.png,001292,25.87003373785151,0.6389790142303546,0.10369065403938293,0.046846091747283936,0.7411772571991313
001292_06_01_158.png,001292,26.000305001172098,0.6409861458925088,0.09589983522891998,0.05011451244354248,0.7379018943243852
001292_06_01_201.png,001292,25.750455994977514,0.6301010430326406,0.1012038141489029,0.05040419101715088,0.7200723374568498
001300_01_01_022.png,001300,31.040041955358035,0.863575144372826,0.06927776336669922,0.11552071571350098,0.8228310331018894
001300_01_01_025.png,001300,30.98945716428204,0.8696389824800619,0.06504455953836441,0.11706167459487915,0.8485881912971037
001300_02_01_029.png,001300,30.63126318909747,0.7514219457847656,0.11026152223348618,0.09814262390136719,1.5985197590705635
001300_03_01_274.png,001300,32.10372432758867,0.8987502806619553,0.04747707396745682,0.0912008285522461,0.9082303374183555
001300_03_01_307.png,001300,30.23907998084818,0.8490666270841637,0.08880314230918884,0.11104583740234375,0.7500180924981888
001300_03_01_317.png,001300,29.93060129044677,0.8481816905874464,0.09346847981214523,0.11832058429718018,0.7236055516222515
001300_03_01_320.png,001300,29.984270626372755,0.8478379596779418,0.09681655466556549,0.1214340329170227,0.7365773168729933
001300_03_02_064.png,001300,31.212550942195417,0.8659127119879182,0.07336989045143127,0.11834287643432617,0.8444699151772627
001300_04_01_053.png,001300,32.565212821557324,0.9067807897891977,0.0397934690117836,0.07752776145935059,0.9901346943070609
001300_04_01_060.png,001300,31.38692654192093,0.877424059063675,0.060070618987083435,0.09726512432098389,0.9080445278270395
001300_04_01_064.png,001300,31.09927588947102,0.8783216342726141,0.0615939199924469,0.11279696226119995,0.8910550722840513
001300_05_01_053.png,001300,32.70647859742909,0.907265708656288,0.040371425449848175,0.0901414155960083,0.975724006099498
001300_05_01_059.png,001300,31.470011352542745,0.8777266579665601,0.06337394565343857,0.1050681471824646,0.8995506452052424
001300_05_01_061.png,001300,31.228716888741694,0.877014409332955,0.0632258877158165,0.12003898620605469,0.8801803489324277
001300_05_01_062.png,001300,31.291714234890065,0.8781675050517089,0.062470342963933945,0.11488497257232666,0.9005649672454582
001300_06_01_050.png,001300,32.94989965607976,0.9135850381379591,0.033567167818546295,0.0736461877822876,0.9291906904803193
001300_06_01_057.png,001300,31.380633260216044,0.8768988521147759,0.060539741069078445,0.09760463237762451,0.8516486783432083
