slice_id,ordering,d_10000,d_50000,d_100000,d_500000,d_1000000,d_blur
000002_01_01_162.png,0.9999999999999999,2.021273136138916,1.711788535118103,1.4569957256317139,0.7591587901115417,0.4743991494178772,2.070462226867676
000002_01_01_176.png,0.9999999999999999,1.8740332126617432,1.5367130041122437,1.3251087665557861,0.7058817744255066,0.4649980068206787,1.8858084678649902
000002_02_01_050.png,0.9999999999999999,2.0442519187927246,1.72648286819458,1.5189975500106812,0.9251458644866943,0.5978170037269592,1.964209794998169
000002_02_01_052.png,0.9999999999999999,2.014761209487915,1.7183401584625244,1.5068583488464355,0.9258905649185181,0.6097850203514099,1.9444869756698608
000002_02_01_065.png,0.9999999999999999,1.9331388473510742,1.602386236190796,1.4102809429168701,0.8327262997627258,0.5482404232025146,1.8941478729248047
000002_02_01_077.png,0.9999999999999999,1.9331309795379639,1.5810840129852295,1.379231333732605,0.791824221611023,0.4980114698410034,1.837653636932373
000002_03_01_041.png,0.9999999999999999,2.0764496326446533,1.727973461151123,1.5233817100524902,0.8860005140304565,0.6194158792495728,2.015211343765259
000004_01_01_007.png,0.9999999999999999,1.5997346639633179,1.397284746170044,1.180290937423706,0.7809170484542847,0.6152337789535522,1.1394537687301636
000004_02_01_013.png,0.9999999999999999,1.2008230686187744,0.8815406560897827,0.7326217889785767,0.428995817899704,0.32545459270477295,0.7669796943664551
000004_02_02_073.png,0.8999999999999998,0.9714173078536987,0.4860755205154419,0.39017254114151,0.36100009083747864,0.3726714253425598,0.8924764394760132
000004_02_02_145.png,0.09999999999999999,0.8458863496780396,0.3484515845775604,0.32917097210884094,0.39825019240379333,0.41627466678619385,0.9391951560974121
000004_03_01_008.png,0.9999999999999999,0.8282710909843445,0.6242908835411072,0.493030309677124,0.2205592542886734,0.1430545151233673,0.5192179679870605
000004_03_02_136.png,0.09999999999999999,0.9097477793693542,0.3918760418891907,0.32931020855903625,0.39271050691604614,0.40581971406936646,0.8360984325408936
000009_01_01_069.png,0.9999999999999999,2.1003479957580566,1.7679004669189453,1.5597007274627686,0.9613509178161621,0.6749504208564758,1.8917738199234009
000009_02_01_065.png,0.9999999999999999,1.9620370864868164,1.5734670162200928,1.313924789428711,0.6359230279922485,0.38704556226730347,1.960286259651184
000009_02_01_099.png,0.9999999999999999,1.8437840938568115,1.4197957515716553,1.1624531745910645,0.542417049407959,0.3149564862251282,1.811069130897522
000009_03_01_042.png,0.9999999999999999,1.950044870376587,1.6088893413543701,1.3798034191131592,0.7598789930343628,0.44785818457603455,1.8731343746185303
000009_04_01_060.png,0.9999999999999999,1.9945800304412842,1.663661241531372,1.4263107776641846,0.7118614912033081,0.45974624156951904,1.9333213567733765
000009_04_02_022.png,0.9999999999999999,0.8839870691299438,0.6148190498352051,0.48890718817710876,0.2686401605606079,0.19144690036773682,0.5227508544921875
000009_04_02_086.png,0.9999999999999999,2.0262691974639893,1.6920667886734009,1.470324993133545,0.9049290418624878,0.6318130493164062,1.87354576587677
000009_04_03_101.png,0.8999999999999998,1.0930218696594238,0.6167395114898682,0.47056734561920166,0.36479416489601135,0.3765549659729004,0.8626258373260498
000010_01_01_084.png,0.9999999999999999,1.6811163425445557,1.3940365314483643,1.1774611473083496,0.5846967101097107,0.36011165380477905,1.6705857515335083
000010_02_01_087.png,0.9999999999999999,1.8859529495239258,1.5350818634033203,1.3112363815307617,0.7275190949440002,0.46594321727752686,1.8448787927627563
000010_02_02_100.png,0.9999999999999999,1.1644401550292969,0.7041109800338745,0.556614339351654,0.41276857256889343,0.4071069359779358,0.8775453567504883
000013_01_01_044.png,0.8999999999999998,1.3045234680175781,0.8116843700408936,0.5900217294692993,0.3441254496574402,0.36078476905822754,1.0146350860595703
000014_01_01_104.png,0.9999999999999999,1.6974653005599976,1.3826041221618652,1.121715784072876,0.5684564113616943,0.39034220576286316,1.446244239807129
000014_02_01_101.png,0.9999999999999999,1.7517555952072144,1.5125226974487305,1.3396745920181274,0.8336453437805176,0.6335376501083374,1.5001246929168701
000014_02_01_108.png,0.9999999999999999,2.0745315551757812,1.8472270965576172,1.6669807434082031,1.1484211683273315,0.9467356204986572,1.7961833477020264
000020_02_01_062.png,0.8999999999999998,1.0743376016616821,0.5925641059875488,0.46491295099258423,0.3843092918395996,0.3908436894416809,0.9131031632423401
000020_03_01_134.png,0.8999999999999998,1.0109302997589111,0.565406322479248,0.43818116188049316,0.3914993405342102,0.3976641893386841,0.8552701473236084
000020_03_01_166.png,0.6,0.8663679957389832,0.453380823135376,0.38124942779541016,0.3998958468437195,0.4059922397136688,0.8291065692901611
000020_03_01_212.png,0.8999999999999998,1.022464394569397,0.5138211250305176,0.3799137771129608,0.3563336133956909,0.37468162178993225,0.8248735666275024
000020_04_01_116.png,0.9999999999999999,1.084699273109436,0.634297251701355,0.5079441070556641,0.4130058288574219,0.41131699085235596,0.9132377505302429
000020_04_01_143.png,0.8999999999999998,0.9963353872299194,0.526853084564209,0.4189728796482086,0.3908294439315796,0.4043895900249481,0.8697009086608887
000020_04_01_159.png,0.6,0.9562841653823853,0.5010738968849182,0.38881540298461914,0.3913538157939911,0.4060777425765991,0.8880713582038879
000022_01_01_042.png,0.9999999999999999,1.6373316049575806,1.2828584909439087,1.044901728630066,0.46155157685279846,0.2782459557056427,1.3664066791534424
000022_02_01_096.png,0.9999999999999999,1.95706307888031,1.5913875102996826,1.3321081399917603,0.6107203364372253,0.36018434166908264,1.989015817642212
000022_02_01_139.png,0.9999999999999999,1.9133756160736084,1.5218513011932373,1.2711737155914307,0.5768608450889587,0.3140922784805298,1.8715758323669434
000022_02_02_066.png,0.9999999999999999,2.0080511569976807,1.669943928718567,1.4505349397659302,0.7819840312004089,0.47445178031921387,1.868822455406189
000022_03_01_063.png,0.9999999999999999,1.9611930847167969,1.6216275691986084,1.3936232328414917,0.858454704284668,0.5852237343788147,1.8471550941467285
000026_01_01_076.png,0.9999999999999999,2.013641119003296,1.6494396924972534,1.4439313411712646,0.7786361575126648,0.44078004360198975,1.8387551307678223
000026_02_01_078.png,0.9999999999999999,1.751680612564087,1.35049307346344,1.1295340061187744,0.5443925857543945,0.3190365433692932,1.6917637586593628
000026_02_01_079.png,0.9999999999999999,1.7813735008239746,1.3836259841918945,1.1521549224853516,0.5285178422927856,0.30841705203056335,1.7076678276062012
000026_03_01_073.png,0.9999999999999999,1.8953359127044678,1.5172793865203857,1.2991983890533447,0.6953341960906982,0.43568170070648193,1.7948883771896362
000026_03_01_074.png,0.9999999999999999,1.8927171230316162,1.4950673580169678,1.2811784744262695,0.7074155807495117,0.4423466920852661,1.7607622146606445
000026_03_01_075.png,0.9999999999999999,1.9060992002487183,1.5209712982177734,1.2944855690002441,0.6853237152099609,0.45050495862960815,1.7546346187591553
000026_03_01_077.png,0.9999999999999999,1.8196263313293457,1.4419982433319092,1.2351726293563843,0.6524540185928345,0.3959173560142517,1.6994690895080566
000026_04_01_339.png,0.9999999999999999,1.7112643718719482,1.3328895568847656,1.0992958545684814,0.45428377389907837,0.25315460562705994,1.7736146450042725
000026_04_01_361.png,0.9999999999999999,1.835289478302002,1.4251264333724976,1.1803579330444336,0.5217004418373108,0.3088836073875427,1.8337409496307373
000026_05_01_274.png,0.9999999999999999,1.6008929014205933,1.2745988368988037,1.058925986289978,0.5393286347389221,0.3130224347114563,1.4757221937179565
000026_05_01_358.png,0.9999999999999999,1.856792688369751,1.4439384937286377,1.2070176601409912,0.5399123430252075,0.2994803786277771,1.8775672912597656
000026_05_01_368.png,0.9999999999999999,1.8285021781921387,1.4192851781845093,1.151064395904541,0.5056064128875732,0.29630911350250244,1.8615407943725586
000026_05_01_372.png,0.9999999999999999,1.8104438781738281,1.3978657722473145,1.1439954042434692,0.4700888991355896,0.2711789906024933,1.8548555374145508
000026_05_02_056.png,0.9999999999999999,1.6792283058166504,1.3943265676498413,1.202800989151001,0.7223883867263794,0.48719269037246704,1.4618730545043945
000026_05_02_059.png,0.9999999999999999,1.8436356782913208,1.5567474365234375,1.3729736804962158,0.7996082305908203,0.5170688629150391,1.696439504623413
000026_05_02_072.png,0.9999999999999999,1.975064992904663,1.6282556056976318,1.4197607040405273,0.8034672737121582,0.4901213049888611,1.8600337505340576
000026_06_01_165.png,0.8999999999999998,1.023707628250122,0.5721135139465332,0.4394031763076782,0.3563201427459717,0.3592293858528137,0.8099207878112793
000026_06_01_257.png,0.8999999999999998,1.0902233123779297,0.5944596529006958,0.40545573830604553,0.31302642822265625,0.32461243867874146,0.7351682782173157
000026_06_02_040.png,0.9999999999999999,1.9766236543655396,1.6002202033996582,1.3655776977539062,0.7082136869430542,0.43131184577941895,1.8750994205474854
000026_06_02_043.png,0.9999999999999999,1.9389994144439697,1.559390664100647,1.3249382972717285,0.6875556707382202,0.4290348291397095,1.8477783203125
000027_03_01_095.png,0.6,0.934725284576416,0.415901780128479,0.3194234371185303,0.33540475368499756,0.35548311471939087,0.8459904193878174
000027_04_01_119.png,0.6,0.8905389904975891,0.44778013229370117,0.3662424087524414,0.37806370854377747,0.3972398042678833,0.7522247433662415
000027_05_01_099.png,0.8999999999999998,1.0589799880981445,0.5415548086166382,0.39487510919570923,0.3243409991264343,0.3354285955429077,0.8639931678771973
000027_06_01_020.png,0.8999999999999998,1.0942692756652832,0.5446373224258423,0.40902769565582275,0.353754460811615,0.3677203059196472,1.0407142639160156
000042_01_01_053.png,0.9999999999999999,1.9941282272338867,1.6295263767242432,1.3524096012115479,0.6256832480430603,0.3677939772605896,1.9850995540618896
000042_02_01_028.png,0.9999999999999999,1.9203870296478271,1.5966533422470093,1.3693315982818604,0.7692170143127441,0.4905252456665039,1.8637144565582275
000042_02_01_037.png,0.9999999999999999,1.9173903465270996,1.5617878437042236,1.3215546607971191,0.6787397861480713,0.43039292097091675,1.9436537027359009
000042_02_01_043.png,0.9999999999999999,1.8373513221740723,1.480736494064331,1.244544267654419,0.6462129354476929,0.399802565574646,1.8166537284851074
000042_03_01_033.png,0.9999999999999999,1.897719144821167,1.554516077041626,1.3219506740570068,0.7072639465332031,0.42702537775039673,1.813213586807251
000042_03_01_043.png,0.9999999999999999,2.0236945152282715,1.6733686923980713,1.426870346069336,0.768418550491333,0.4784155488014221,1.9974075555801392
000042_03_01_048.png,0.9999999999999999,1.9716352224349976,1.6388874053955078,1.416744351387024,0.8022119998931885,0.5102177858352661,1.9119772911071777
000060_01_01_065.png,0.9999999999999999,1.9399529695510864,1.578023910522461,1.3655956983566284,0.7628752589225769,0.4938433766365051,2.010596513748169
000060_02_01_070.png,0.9999999999999999,1.8022875785827637,1.5497410297393799,1.369438648223877,0.7996340990066528,0.5386212468147278,1.7801035642623901
000060_02_01_104.png,0.9999999999999999,1.4402278661727905,1.1770061254501343,0.986426830291748,0.500354528427124,0.3385378122329712,1.2763383388519287
000060_03_01_067.png,0.9999999999999999,1.8857696056365967,1.570403814315796,1.3707971572875977,0.805116593837738,0.5217739343643188,1.7287452220916748
000060_03_01_101.png,0.9999999999999999,1.7048900127410889,1.3796082735061646,1.175143837928772,0.6526514291763306,0.43750274181365967,1.4227654933929443
000060_04_01_075.png,0.9999999999999999,1.9704006910324097,1.5933831930160522,1.3703994750976562,0.7329863905906677,0.4205358624458313,1.848046898841858
000060_04_01_109.png,0.9999999999999999,1.6747307777404785,1.3004262447357178,1.065941572189331,0.5016790628433228,0.29356640577316284,1.5541869401931763
000060_05_01_066.png,0.9999999999999999,1.8962565660476685,1.550220012664795,1.3168210983276367,0.6554635763168335,0.3642451763153076,1.7878849506378174
000060_05_01_100.png,0.9999999999999999,1.753746747970581,1.4103455543518066,1.1935356855392456,0.5683749914169312,0.3553165793418884,1.6440911293029785
000060_05_02_172.png,0.6,0.8606255054473877,0.3898676633834839,0.32371973991394043,0.3552686274051666,0.36640262603759766,0.7345976829528809
000060_06_01_064.png,0.9999999999999999,1.7414145469665527,1.4024920463562012,1.2231061458587646,0.6877989768981934,0.46890658140182495,1.5930202007293701
000060_06_01_100.png,0.9999999999999999,1.7557706832885742,1.434166431427002,1.2184882164001465,0.681611180305481,0.4718603491783142,1.5626230239868164
000060_06_02_160.png,0.6,0.763663113117218,0.4146457612514496,0.3712766468524933,0.4070010185241699,0.4126136898994446,0.7559869885444641
000060_06_02_171.png,0.6,0.8133364915847778,0.423880398273468,0.3770570755004883,0.37928158044815063,0.38865330815315247,0.7278262376785278
000068_01_01_008.png,0.9999999999999999,1.4089434146881104,1.038012981414795,0.8100178241729736,0.3654535412788391,0.20999954640865326,0.9792946577072144
000068_01_01_056.png,0.9999999999999999,1.933457851409912,1.5520001649856567,1.3079166412353516,0.6305082440376282,0.3511400818824768,1.7269766330718994
000068_01_01_064.png,0.9999999999999999,1.743579387664795,1.348718523979187,1.11099374294281,0.47207462787628174,0.2678149938583374,1.5923418998718262
000068_02_01_011.png,0.9999999999999999,1.2425098419189453,0.9523794651031494,0.818766713142395,0.4425301253795624,0.3149988353252411,0.8480767011642456
000068_02_01_056.png,0.9999999999999999,1.9644455909729004,1.6744321584701538,1.4948632717132568,0.9321129322052002,0.6551146507263184,1.7241034507751465
000068_02_01_066.png,0.9999999999999999,1.7749927043914795,1.4301040172576904,1.223841905593872,0.679521918296814,0.4537450969219208,1.6332581043243408
000068_02_01_067.png,0.9999999999999999,1.7402262687683105,1.4041250944137573,1.2039483785629272,0.6705828905105591,0.4545723795890808,1.641371726989746
000069_01_01_052.png,0.9999999999999999,1.8386270999908447,1.502500057220459,1.275747537612915,0.7278941869735718,0.4952958822250366,1.7875007390975952
000069_02_01_058.png,0.9999999999999999,1.5140557289123535,1.2042192220687866,1.005755066871643,0.5974202752113342,0.4057948887348175,1.2541155815124512
000069_03_01_058.png,0.9999999999999999,1.7271286249160767,1.376782774925232,1.1764163970947266,0.7008262872695923,0.475521445274353,1.489792823791504
000069_04_01_144.png,0.6,0.7680659294128418,0.4665139317512512,0.4307533800601959,0.4389536380767822,0.4393153190612793,0.7670774459838867
000078_01_01_124.png,0.9999999999999999,1.9942758083343506,1.643671989440918,1.4077701568603516,0.7363790273666382,0.479128360748291,1.9443492889404297
000078_02_01_063.png,0.9999999999999999,1.50203537940979,1.1096739768981934,0.8975077271461487,0.4276999235153198,0.2671545445919037,1.1589653491973877
000088_01_01_007.png,0.9999999999999999,1.6595344543457031,1.4129745960235596,1.2504208087921143,0.8231421709060669,0.6464716792106628,1.454095482826233
000088_02_01_306.png,0.9999999999999999,1.7678899765014648,1.3745086193084717,1.1216704845428467,0.5378850698471069,0.33606505393981934,1.6933132410049438
000088_02_02_249.png,0.9999999999999999,1.0437636375427246,0.5410417318344116,0.3738291263580322,0.26757732033729553,0.2656327486038208,0.7020354270935059
000088_03_01_045.png,0.9999999999999999,1.1458306312561035,0.8292040228843689,0.6488279700279236,0.3151625990867615,0.21175777912139893,0.8544725775718689
001217_03_02_039.png,0.9999999999999999,1.1966211795806885,0.7113596796989441,0.529301643371582,0.342671275138855,0.3250739574432373,0.9745291471481323
001217_03_02_052.png,0.9999999999999999,1.1090805530548096,0.6266582012176514,0.4914204478263855,0.3621981739997864,0.3565981388092041,0.8339471817016602
001217_03_02_066.png,0.9999999999999999,1.0909314155578613,0.6141291856765747,0.45822155475616455,0.3527543544769287,0.34297317266464233,0.8189478516578674
001227_01_01_059.png,0.9999999999999999,0.9130598306655884,0.5559437274932861,0.4589592218399048,0.38736313581466675,0.38682177662849426,0.9165922403335571
001227_01_01_214.png,0.0,0.8171209096908569,0.32122525572776794,0.3241680860519409,0.40551602840423584,0.415932834148407,0.8285541534423828
001227_02_01_061.png,0.9999999999999999,0.9336941838264465,0.4793510437011719,0.40118831396102905,0.36813849210739136,0.3660052716732025,0.9392938613891602
001227_02_01_182.png,0.0,0.656421422958374,0.3480837345123291,0.3795296549797058,0.43921107053756714,0.4438282251358032,0.7763005495071411
001227_03_01_063.png,0.9999999999999999,0.9024434089660645,0.5052095651626587,0.42334145307540894,0.36843281984329224,0.3680874705314636,0.839624285697937
001227_03_01_177.png,0.0,0.701061487197876,0.35727769136428833,0.37566879391670227,0.41703152656555176,0.42543792724609375,0.795119047164917
001227_04_01_025.png,0.9999999999999999,0.9647173881530762,0.6522955894470215,0.4847148358821869,0.28401634097099304,0.22038105130195618,0.5778111219406128
001227_04_01_050.png,0.9999999999999999,1.992649793624878,1.7259635925292969,1.5073575973510742,0.9699867367744446,0.6927664279937744,1.942220687866211
001227_04_02_044.png,0.8999999999999998,0.9107751846313477,0.49350860714912415,0.3923063576221466,0.3338511288166046,0.3350025713443756,0.8202749490737915
001227_05_01_060.png,0.9999999999999999,0.9876037836074829,0.5438557863235474,0.43110501766204834,0.35355111956596375,0.3532204329967499,0.7911391258239746
001227_05_01_219.png,0.3,0.79984450340271,0.36775028705596924,0.31648746132850647,0.36066991090774536,0.3795955777168274,0.7447246313095093
001227_06_01_250.png,0.9999999999999999,1.824724555015564,1.4389688968658447,1.197142243385315,0.6211273670196533,0.3771919012069702,1.8853356838226318
001227_06_02_048.png,0.9999999999999999,0.9737781286239624,0.5587953925132751,0.43178296089172363,0.3384731411933899,0.3367433547973633,0.706244707107544
001238_01_01_030.png,0.9999999999999999,0.6862699389457703,0.43313488364219666,0.3495005667209625,0.19731168448925018,0.14851102232933044,0.38781431317329407
001238_02_01_135.png,0.9999999999999999,0.6521450281143188,0.3448215126991272,0.2653124928474426,0.1547442078590393,0.12453201413154602,0.3200852870941162
001238_02_01_303.png,0.9999999999999999,2.0666661262512207,1.6627998352050781,1.4136245250701904,0.8118123412132263,0.538865327835083,2.049696922302246
001240_01_01_033.png,0.9999999999999999,1.8351211547851562,1.4589896202087402,1.2567521333694458,0.6893296837806702,0.47801557183265686,1.8912596702575684
001248_01_01_070.png,0.9999999999999999,1.803929328918457,1.4900386333465576,1.3012351989746094,0.7604317665100098,0.5321157574653625,1.591481328010559
001248_02_01_234.png,0.9999999999999999,1.7504386901855469,1.3518916368484497,1.108426570892334,0.49679356813430786,0.28758659958839417,1.724711298942566
001248_02_02_021.png,0.9999999999999999,1.4467862844467163,1.1092348098754883,0.9159902334213257,0.4002149701118469,0.2420804351568222,1.2205100059509277
001248_03_01_064.png,0.9999999999999999,1.77235746383667,1.4405221939086914,1.240152359008789,0.6927371025085449,0.4655371904373169,1.5809450149536133
001248_03_01_099.png,0.9999999999999999,1.8998303413391113,1.6078667640686035,1.4152209758758545,0.9154806137084961,0.6799921989440918,1.6685479879379272
001255_01_01_086.png,0.9999999999999999,1.897243857383728,1.6001293659210205,1.3979544639587402,0.8413066864013672,0.5969986915588379,1.7770215272903442
001255_03_01_021.png,0.9999999999999999,0.8183828592300415,0.6130046844482422,0.5141929984092712,0.3422020971775055,0.27911001443862915,0.50223308801651
001255_04_01_009.png,0.9999999999999999,1.0982877016067505,0.8369647264480591,0.658614993095398,0.30158838629722595,0.19698160886764526,0.8136565685272217
001255_04_01_019.png,0.9999999999999999,0.6856412291526794,0.47419965267181396,0.38493412733078003,0.22107204794883728,0.16639187932014465,0.46523043513298035
001258_01_01_021.png,0.9999999999999999,1.0024940967559814,0.7108251452445984,0.5467541217803955,0.2717141807079315,0.18353495001792908,0.6737716794013977
001258_01_01_034.png,0.9999999999999999,1.3898484706878662,1.1080272197723389,0.9590287208557129,0.4907633066177368,0.2968047857284546,1.074816346168518
001258_01_01_135.png,0.9999999999999999,1.8171509504318237,1.4576141834259033,1.226730227470398,0.5701899528503418,0.3261253237724304,1.8519313335418701
001258_01_02_066.png,0.9999999999999999,1.8924812078475952,1.5786439180374146,1.3863435983657837,0.8296263217926025,0.5448092818260193,1.7610607147216797
001262_01_01_044.png,0.9999999999999999,1.5688713788986206,1.2967593669891357,1.1414210796356201,0.7035011053085327,0.49640291929244995,1.3621262311935425
001283_01_01_032.png,0.9999999999999999,1.3303158283233643,1.1171897649765015,0.9623260498046875,0.6612284183502197,0.5613422989845276,1.0416300296783447
001283_01_02_150.png,0.8999999999999998,1.016644835472107,0.5749592781066895,0.4069502353668213,0.283362478017807,0.2909999489784241,0.6911624670028687
001283_01_02_224.png,0.6,0.920537531375885,0.3869425058364868,0.2672756016254425,0.27553117275238037,0.29812484979629517,0.6920612454414368
001284_01_01_115.png,0.9999999999999999,0.9818826913833618,0.7354718446731567,0.5766175389289856,0.253913015127182,0.16413037478923798,0.5707025527954102
001287_01_01_045.png,0.9999999999999999,1.585256576538086,1.2787619829177856,1.0875747203826904,0.7373195886611938,0.5692417025566101,1.2624850273132324
001287_01_01_055.png,0.9999999999999999,2.083507537841797,1.7364671230316162,1.5210118293762207,0.9490078687667847,0.6809709668159485,2.066767692565918
001287_01_01_056.png,0.9999999999999999,2.117955207824707,1.7689661979675293,1.5735511779785156,1.011082410812378,0.7274491786956787,2.0743002891540527
001287_02_01_044.png,0.9999999999999999,2.025315761566162,1.721336841583252,1.522763729095459,1.0305938720703125,0.7869148254394531,1.924647331237793
001287_02_01_048.png,0.9999999999999999,2.1539344787597656,1.8624153137207031,1.6203373670578003,1.0441691875457764,0.7713139057159424,2.204047679901123
001287_02_01_052.png,0.9999999999999999,2.2018630504608154,1.9240710735321045,1.675908088684082,1.0707414150238037,0.773352861404419,2.213547945022583
001289_01_01_070.png,0.9999999999999999,1.7910726070404053,1.4452800750732422,1.2269988059997559,0.5912142992019653,0.3402978479862213,1.7347230911254883
001290_01_01_028.png,0.9999999999999999,1.005789041519165,0.7524493932723999,0.5905429124832153,0.2954000234603882,0.21918794512748718,0.6232821941375732
001290_01_01_061.png,0.9999999999999999,2.0913431644439697,1.8237636089324951,1.6406391859054565,1.1197270154953003,0.855889618396759,1.9224286079406738
001290_01_01_066.png,0.9999999999999999,2.074679136276245,1.7825226783752441,1.5908715724945068,1.0580027103424072,0.7763772010803223,1.913386583328247
001290_01_01_080.png,0.9999999999999999,2.0575692653656006,1.7873196601867676,1.6126388311386108,1.0988481044769287,0.822151780128479,1.8325108289718628
001290_01_01_091.png,0.9999999999999999,1.9918150901794434,1.7134854793548584,1.5199058055877686,0.9938544034957886,0.7330576181411743,1.7912225723266602
001290_02_01_027.png,0.9999999999999999,1.0987317562103271,0.8139424324035645,0.6387790441513062,0.3498375713825226,0.27155259251594543,0.6935226917266846
001290_02_01_079.png,0.9999999999999999,1.9868402481079102,1.724604845046997,1.5417542457580566,1.0435010194778442,0.7838150858879089,1.7591297626495361
001290_03_01_024.png,0.9999999999999999,0.9858320951461792,0.7105690240859985,0.5451134443283081,0.29569363594055176,0.22255945205688477,0.6759203672409058
001290_03_01_080.png,0.9999999999999999,1.989241600036621,1.712563395500183,1.528183937072754,1.0113331079483032,0.7440189123153687,1.790778398513794
001290_03_01_091.png,0.9999999999999999,1.825258731842041,1.5358173847198486,1.3375126123428345,0.8273019194602966,0.5731003284454346,1.6795485019683838
001290_04_01_020.png,0.9999999999999999,1.0512113571166992,0.8381934762001038,0.6868346929550171,0.38070547580718994,0.28300726413726807,0.742908775806427
001290_04_01_065.png,0.9999999999999999,1.8952090740203857,1.5694787502288818,1.342507004737854,0.7223172187805176,0.4873690903186798,1.8952035903930664
001290_05_01_057.png,0.9999999999999999,2.011178731918335,1.7375555038452148,1.5297255516052246,0.9838481545448303,0.6991187334060669,1.8843400478363037
001290_05_01_062.png,0.9999999999999999,1.9806106090545654,1.6983239650726318,1.4962165355682373,0.9826099872589111,0.7231361865997314,1.8779518604278564
001290_05_01_088.png,0.9999999999999999,1.8747904300689697,1.5784862041473389,1.3853957653045654,0.8486757278442383,0.5867489576339722,1.7603977918624878
001290_05_02_312.png,0.8999999999999998,1.1855618953704834,0.5698780417442322,0.33834442496299744,0.27582281827926636,0.3251590430736542,1.022779107093811
001290_05_02_477.png,0.7,1.1654870510101318,0.5902619957923889,0.35905230045318604,0.3313177227973938,0.3831655979156494,1.0229841470718384
001290_05_02_646.png,0.8999999999999998,1.2201426029205322,0.6675121784210205,0.388878732919693,0.2577768564224243,0.30027416348457336,0.9952083230018616
001299_01_01_069.png,0.9999999999999999,1.9106090068817139,1.6246638298034668,1.4364657402038574,0.910330593585968,0.6555873155593872,1.7525312900543213
001299_02_01_069.png,0.9999999999999999,1.7362101078033447,1.4143743515014648,1.2183891534805298,0.7676581144332886,0.5634092092514038,1.426661729812622
001301_01_01_109.png,0.9999999999999999,0.6069914102554321,0.3514969050884247,0.24876254796981812,0.1145811378955841,0.0786980539560318,0.2621161937713623
001301_01_01_140.png,0.9999999999999999,0.8026611804962158,0.4949776828289032,0.3591517210006714,0.18219314515590668,0.1320003867149353,0.39304834604263306
001301_01_01_283.png,0.9999999999999999,2.077353000640869,1.7625627517700195,1.4906601905822754,0.7292370796203613,0.43101730942726135,2.1193618774414062
001301_01_01_301.png,0.9999999999999999,2.0729663372039795,1.7433643341064453,1.4532848596572876,0.6837446689605713,0.39219212532043457,2.1229286193847656
001301_01_01_357.png,0.9999999999999999,2.047550678253174,1.6839232444763184,1.4041895866394043,0.5657418966293335,0.34391576051712036,2.096870183944702
001304_01_01_070.png,0.9999999999999999,1.7060668468475342,1.3540922403335571,1.1159330606460571,0.49150151014328003,0.30670085549354553,1.7218289375305176
001304_01_02_014.png,0.9999999999999999,1.2078660726547241,0.8889472484588623,0.6984031796455383,0.28967857360839844,0.18477247655391693,1.1050273180007935
001304_01_03_218.png,0.6,0.7817287445068359,0.41341233253479004,0.3486975133419037,0.37581443786621094,0.37714627385139465,0.8051050901412964
001304_02_01_004.png,0.9999999999999999,1.5054172277450562,1.2229899168014526,1.0755034685134888,0.7308993339538574,0.5616455078125,1.1168805360794067
001304_03_01_040.png,0.9999999999999999,0.4969829320907593,0.4208333194255829,0.38041484355926514,0.277477890253067,0.22226014733314514,0.36587759852409363
001305_01_01_056.png,0.9999999999999999,1.2345466613769531,0.7713517546653748,0.5827028155326843,0.37965843081474304,0.3677659332752228,1.062906265258789
001312_01_01_066.png,0.9999999999999999,0.7624051570892334,0.48577913641929626,0.37453845143318176,0.22612082958221436,0.17924578487873077,0.37720340490341187
001312_02_01_014.png,0.9999999999999999,0.5821901559829712,0.3664025068283081,0.26798132061958313,0.1400378942489624,0.11132721602916718,0.30658137798309326
001312_02_02_209.png,0.09999999999999999,0.8639459609985352,0.3333178460597992,0.30216509103775024,0.3875463306903839,0.4014308452606201,0.7498071193695068
001312_03_01_077.png,0.9999999999999999,0.7298588752746582,0.46182480454444885,0.35042932629585266,0.18008266389369965,0.1298697143793106,0.4292561113834381
