psnr,ssim,lpips,dists,r_h
21.33930002979075,0.6893308676126689,0.32222414016723633,0.16209828853607178,5.223763698351807
21.471205327336975,0.7376036018734483,0.3320181369781494,0.20066553354263306,5.8482612938284095
21.999488864995097,0.7459519970088511,0.28617990016937256,0.15240061283111572,5.75672499999816
23.84445457693844,0.7965088818921985,0.23799480497837067,0.17688745260238647,3.991377331113466
21.404451992093342,0.7146630088415963,0.3830651044845581,0.2344103455543518,13.62988514586778
20.320754998791895,0.6736298341356411,0.443906307220459,0.1818472146987915,13.45516879555313
29.001590535595252,0.7152906221434162,0.12938018143177032,0.07599890232086182,0.6228748854454623
22.479275505360818,0.7737211680340367,0.3479688763618469,0.191947340965271,7.2200058515316075
25.70936498834531,0.8780674054303507,0.20011577010154724,0.21773093938827515,2.9502818349417286
26.241038748202165,0.6602084692176423,0.11072774231433868,0.049182236194610596,0.5813349266870312
25.78334176835039,0.6868564891437541,0.09349609911441803,0.04543662071228027,0.5458009682290126
21.780661886827648,0.7401408007935721,0.32361462712287903,0.20583558082580566,3.9551593321857155
25.206269859984467,0.844526025636201,0.17951568961143494,0.14236271381378174,2.296033017691615
22.66024907954351,0.7612155774496328,0.32045885920524597,0.1932578682899475,6.74349244423123
22.42981217706965,0.7417469443721998,0.29975518584251404,0.15566867589950562,3.544671640572764
22.3228800741284,0.7265441236287078,0.318195641040802,0.1786733865737915,3.9377410856010293
25.466130808501735,0.871480494355159,0.22235089540481567,0.21396702527999878,3.5897396074957473
22.131239387742653,0.742772790745419,0.26172390580177307,0.16711807250976562,3.259238934791571
24.173760540800032,0.7923205389277478,0.24530644714832306,0.16631793975830078,3.290314745837978
24.053254444859302,0.8086944476583751,0.22952227294445038,0.16595399379730225,3.0402296374224953
22.536461185221228,0.7606995458159458,0.26836854219436646,0.14203566312789917,4.812410150945349
24.503302645966244,0.6534664597443863,0.1130024865269661,0.03906196355819702,0.5338785513337344
26.64369470935256,0.6690113288779177,0.14533887803554535,0.06369078159332275,0.5217722767789179
21.131083585175432,0.7039272112583491,0.3228103518486023,0.1531583070755005,5.327487372280771
21.91832966788774,0.7391274486040018,0.30401280522346497,0.14142566919326782,5.778917848071939
20.75359096483031,0.674202895485355,0.2804458737373352,0.12510913610458374,5.367189746543412
25.17726615436591,0.8492243718441395,0.18009135127067566,0.14480161666870117,2.75361127021943
21.32284358823553,0.699629010722332,0.3193282186985016,0.13708508014678955,5.173711032703904
21.542792632649196,0.709677797679468,0.3710564970970154,0.17746353149414062,11.229672918221057
23.472489798070505,0.7796118634281357,0.2607453167438507,0.18750929832458496,4.620274001028
23.149719298398548,0.7675061495961568,0.281551718711853,0.18859034776687622,5.165942168643987
23.692106821435196,0.8137153047437675,0.28700047731399536,0.1809682846069336,5.158656382674745
24.022895069392266,0.8204907928496104,0.28652140498161316,0.19572222232818604,7.0507871550627055
22.263962145657192,0.7491067086556884,0.3359863758087158,0.2021275758743286,8.259573144691782
21.47342820753668,0.732465896658606,0.27746012806892395,0.1629619002342224,6.506041403743689
21.963722129341964,0.729700554974769,0.35036760568618774,0.18659216165542603,8.296412367742322
22.99050129706831,0.7803369130687721,0.27778467535972595,0.14305788278579712,4.575035068345968
22.21337397285663,0.7534163807652379,0.2880312204360962,0.14657729864120483,5.321731551029452
22.668995448399816,0.7596379266238106,0.26084062457084656,0.16208386421203613,4.493971369232826
23.750981154828015,0.796204675325043,0.2707746922969818,0.1945199966430664,5.505236977828598
21.190752095640548,0.7044266198973869,0.33350706100463867,0.1592826247215271,5.17360400544501
25.78631340882834,0.6683759778944317,0.10080710798501968,0.04170960187911987,0.5691982681204553
22.724701750945083,0.7610687583984778,0.2609606385231018,0.16970300674438477,5.200087908675139
22.678052921123736,0.7756324365399333,0.21644234657287598,0.1260073184967041,4.364842898412933
19.580721735099612,0.6602059852330918,0.4033454954624176,0.1865566372871399,12.532443294768015
26.636110170515522,0.8883420791849059,0.21984758973121643,0.1962413787841797,9.88939475302735
21.566673176476176,0.7286297025283004,0.32171720266342163,0.14423799514770508,7.265290069365385
24.63129780551542,0.819354906481872,0.1940918266773224,0.14051693677902222,4.223472676333975
22.396398943081117,0.7691599320646111,0.31926101446151733,0.2176334261894226,4.104068644012976
21.038325310609956,0.6469674055303569,0.3682878613471985,0.180977463722229,8.141386613809944
21.836824107564368,0.7353205098380318,0.3370042145252228,0.16557848453521729,8.254773718852999
22.456214338020693,0.7578416122239037,0.26832115650177,0.1466795802116394,4.967312388511186
21.35641599174526,0.7107495450730983,0.3137752115726471,0.1737040877342224,4.7460797821631004
22.860587235860883,0.7764271955315645,0.2045275717973709,0.14806175231933594,4.179801042179774
22.22398734480762,0.7554858339673777,0.3742586076259613,0.1964406967163086,7.682015129898506
25.784150512814787,0.6581241795451646,0.11077213287353516,0.04818999767303467,0.5779173678760815
21.819843517191728,0.7458929738315382,0.29196804761886597,0.17130005359649658,7.021406126393229
23.091613826502012,0.7770031018560137,0.32036930322647095,0.214250385761261,5.98392782258429
20.012641056838746,0.6397989417556234,0.4961651563644409,0.23562085628509521,22.806184955215627
22.50222616742349,0.762506280790071,0.289725661277771,0.20697295665740967,3.8203017398830967
21.960418483193898,0.7435808736705849,0.33559277653694153,0.183238685131073,8.141052274048203
28.067559108711762,0.7044976189749724,0.09132973849773407,0.05826675891876221,0.5279341248034044
26.3333422720951,0.6579604796399798,0.11032335460186005,0.050873637199401855,0.5702398718721112
21.239474083921706,0.706551645653994,0.3733282685279846,0.2015286684036255,10.095597801074009
21.14973824497074,0.697589666389711,0.3517296612262726,0.19369804859161377,10.085117524530594
23.542416561425455,0.7898311864045412,0.26863807439804077,0.18668466806411743,4.502532355795222
25.58500344951029,0.8491834033893312,0.2032989114522934,0.17710340023040771,2.793526853992544
22.96441999424468,0.8018139295326486,0.29940930008888245,0.17730379104614258,6.019284040770183
21.591219089865334,0.7158805367647031,0.3058445453643799,0.15215963125228882,3.8455686747161857
22.993455488035725,0.7849366908958274,0.22820714116096497,0.13541549444198608,5.7269205067237605
23.150426754998783,0.7818796740040189,0.244484543800354,0.1762603521347046,4.89988394533695
26.107185212590874,0.6479121497355858,0.10312703996896744,0.049697160720825195,0.5874940997681457
26.0932303181021,0.6637729077406692,0.11030909419059753,0.04981982707977295,0.5671468770406944
23.110045983688217,0.8046142788487675,0.31505897641181946,0.1961703896522522,7.511657844460606
21.08303237486939,0.6909199628825655,0.3823727071285248,0.18343400955200195,9.361746895001142
21.63439921189477,0.7212256321663453,0.3530701696872711,0.20839637517929077,7.3247201933733
21.884288229792936,0.7722347386606742,0.26059406995773315,0.19098132848739624,4.705201280043666
23.155114473421357,0.7797553514051352,0.331940233707428,0.18402314186096191,7.731776111446899
23.90392038883162,0.7882686878760073,0.2651989758014679,0.15208518505096436,4.856323042970161
20.334123977315137,0.6057951742480151,0.5135205388069153,0.24801236391067505,16.019660630795048
22.9684561144159,0.7684494861195744,0.2524927258491516,0.1601843237876892,5.572249061871872
22.498710514153878,0.7529121668617024,0.27895262837409973,0.16005438566207886,5.171666156279977
20.100553931576822,0.6545434916305618,0.4234541654586792,0.19378310441970825,9.471546836617765
20.65816425663853,0.6587487925191271,0.4113716185092926,0.19751012325286865,11.087123223130547
24.098788578615515,0.8129776592144445,0.2506270408630371,0.15084469318389893,3.7236286395972473
31.845552574567613,0.7963995907370887,0.2048206776380539,0.10188078880310059,0.8524640905941236
22.2192923944107,0.7683320421289545,0.3655797839164734,0.20391041040420532,11.948374278973084
26.585231883626285,0.688251597606707,0.10793077945709229,0.04584026336669922,0.545558840872459
24.057322565776627,0.8363915645225337,0.2441249042749405,0.17623400688171387,4.651606046069772
22.684787257505103,0.7779480970658033,0.2577190399169922,0.15419864654541016,6.671832341238995
21.07682240935926,0.6646208342972298,0.36482369899749756,0.18301647901535034,4.836917112028726
20.785445046726334,0.6695546862769852,0.4016950726509094,0.20108413696289062,7.9159028992301845
22.36830662695857,0.7084152714076355,0.3501814007759094,0.1784626841545105,13.246335081069471
23.53778344235828,0.7949993539450619,0.21898004412651062,0.16356104612350464,3.871282953482446
21.643232182488003,0.6997916903842962,0.2969593405723572,0.1539028286933899,7.317342194910218
22.251040074023237,0.735344279740346,0.2695012390613556,0.14160943031311035,3.7391702404091993
21.306279680608124,0.7211600628460377,0.2822944223880768,0.1497078537940979,5.8289083129433035
19.769800026962415,0.5342295879209308,0.49522650241851807,0.1841583251953125,15.291608483134402
23.445367754945266,0.8146369143098487,0.23050470650196075,0.1847108006477356,2.383670312752813
22.199608045543748,0.7568702402198141,0.31160640716552734,0.18204033374786377,7.427778962282764
21.551095089501263,0.7225333781934082,0.3723113536834717,0.23536795377731323,8.123739825590688
23.817809300237712,0.8064615533103046,0.204067200422287,0.1697230339050293,3.0029301978828995
23.358295834061735,0.7613147673435064,0.28454315662384033,0.16622048616409302,4.875095517387202
29.32583646063305,0.7360030407058792,0.12912525236606598,0.06893622875213623,0.490980080768642
24.66914121562187,0.8265175498351692,0.27075618505477905,0.19719499349594116,4.427277737105856
22.64137075079106,0.7654781242011429,0.33207130432128906,0.17861145734786987,5.810648327370637
27.606846486323295,0.6653121570173018,0.12170013040304184,0.06883174180984497,0.7503505645293732
21.21774747301383,0.7213458800764324,0.35511136054992676,0.18843084573745728,7.410460628817791
23.87471065210708,0.81570049665832,0.20705708861351013,0.15806061029434204,2.942584603029021
23.99384459651138,0.8045766337900986,0.2687508761882782,0.19467145204544067,5.495677298315734
27.57245222255637,0.6849409328587485,0.10640700161457062,0.06361031532287598,0.549200168623074
20.420006737783154,0.6671869125047596,0.43148744106292725,0.1925676465034485,9.381240697823923
23.4572983485031,0.7950861192794615,0.2280568778514862,0.18073397874832153,3.985012829422913
19.993682060702056,0.6454589464931647,0.4551275968551636,0.2190333604812622,14.774848050894287
21.302857781483866,0.7207122307817576,0.39264968037605286,0.20688748359680176,5.319650496747087
23.248649767828358,0.7904642866860464,0.25587597489356995,0.1596921682357788,4.095958888708722
22.710637375287227,0.77004861171377,0.34047460556030273,0.16466951370239258,5.681957783788585
26.86169516894761,0.6617603326262296,0.11648840457201004,0.06193947792053223,0.633583167468782
25.23572855018669,0.8474326881348835,0.19053426384925842,0.1760231852531433,2.9550674155232572
21.625488133601213,0.7317077245847872,0.2856942415237427,0.159051775932312,6.27109206206579
22.285979526656977,0.7425275250853024,0.3131081461906433,0.16855388879776,8.231435899350622
20.595448188969723,0.6747609868260833,0.4102133810520172,0.19608819484710693,9.735636901005988
21.04514212137338,0.7044619018468344,0.4944991171360016,0.21444714069366455,24.50556433833073
24.889770949713967,0.8445237463125075,0.2126074731349945,0.17227303981781006,4.538144152230186
24.199735051682257,0.8176491035824188,0.2141355574131012,0.19705790281295776,3.8842468456390353
21.728899448147097,0.7339656538534908,0.29907533526420593,0.13439065217971802,6.607368250963369
20.427346324409008,0.5778982797462988,0.4585910141468048,0.20475482940673828,8.898370336149878
22.588251270148326,0.7510494899436737,0.25828924775123596,0.17079180479049683,4.310835151532142
25.65393624348621,0.8820181407612658,0.1741558462381363,0.17746669054031372,1.868258116364127
21.917978016353917,0.7650740751190224,0.26286381483078003,0.1735144853591919,4.665542839115281
21.017078623419327,0.7011815040426299,0.3619029223918915,0.19061493873596191,11.298717804229318
23.49073892018375,0.7943877567607492,0.30694228410720825,0.18710112571716309,5.722849432279861
23.945854449733535,0.8120696596949355,0.24936655163764954,0.19457268714904785,3.6307936323237295
22.293522293259507,0.7662721346890456,0.32067784667015076,0.19555580615997314,4.121099832127683
25.595917890380683,0.6707521823764646,0.10472430288791656,0.03992319107055664,0.5681442529241697
23.497176933291296,0.811614806964069,0.24962003529071808,0.1625116467475891,5.665084826862086
21.996479107039356,0.8015660794235142,0.2864745259284973,0.1870971918106079,5.393086477179903
22.800439826786373,0.7824166485199306,0.28092271089553833,0.20271950960159302,5.507028751693288
19.689775687131316,0.5658334149375157,0.4175277054309845,0.13628405332565308,8.580133238307125
21.641209882660377,0.6899305657994971,0.4240443706512451,0.22690802812576294,4.620254726416748
23.041907680472,0.7854519678669817,0.2529602646827698,0.1878352165222168,3.025216226595577
22.12002993194225,0.7953686350920574,0.2952094078063965,0.19651740789413452,5.348654401249554
25.644163320247692,0.6713334289772728,0.09645872563123703,0.03808701038360596,0.5704490949637465
21.95865091167829,0.8055395783825267,0.29684221744537354,0.18017959594726562,6.047340664833792
22.477887641193362,0.7721320386473619,0.2746029496192932,0.2093409299850464,2.9682815852968494
25.710125084053818,0.6828701075997478,0.09436997771263123,0.04247939586639404,0.5435631725300629
24.52351611883007,0.6670005402059964,0.13793164491653442,0.05513417720794678,0.5055897794342453
20.6716967477819,0.6152648242382575,0.45895230770111084,0.20124977827072144,20.365394586092684
22.636056838844254,0.7696285556322665,0.2711520195007324,0.17689567804336548,6.069993955573283
20.589880245248814,0.6092770837821643,0.400478333234787,0.18286609649658203,5.6160124304647425
24.68138911045404,0.8118724326859061,0.22353719174861908,0.16430878639221191,3.307068079053483
22.157611409453434,0.7331894114444333,0.35371601581573486,0.18526995182037354,7.757052200018304
22.409933399527144,0.7475500157247095,0.37052419781684875,0.1889011263847351,8.536971051229692
22.170636733976878,0.7397817357716063,0.3113168478012085,0.1729344129562378,6.252669242236255
21.772457002782314,0.7139809400193771,0.29774385690689087,0.15665370225906372,3.8957612852698884
21.95833058963643,0.8024384739540933,0.28882575035095215,0.18919742107391357,5.420886032963663
23.032298313528123,0.7885900463550162,0.2615325450897217,0.16316992044448853,6.218842921322448
21.011008529024974,0.6460112554361952,0.3750782907009125,0.18323653936386108,8.455233605110593
21.69125357750569,0.7330991695734688,0.31897714734077454,0.20823609828948975,3.9915995646259828
21.388733117775285,0.7458996974772304,0.2955585718154907,0.17640036344528198,5.112765810183583
25.943638715499752,0.6640910740738417,0.11189165711402893,0.045864760875701904,0.5643599412939194
23.38042657596781,0.7799388331214734,0.2318127304315567,0.17651724815368652,3.3305972217687456
24.856519972738038,0.8254382611980511,0.21866333484649658,0.15973877906799316,3.1984712363353744
23.059456068646426,0.7829467248498332,0.2528024911880493,0.18336224555969238,4.854407903393126
27.221628358344585,0.6948250393226391,0.09868098050355911,0.05259263515472412,0.5033690271205917
21.08113264347694,0.705363920010393,0.3075011670589447,0.15399235486984253,6.200603086913869
22.647405122340103,0.7757581569736537,0.22312065958976746,0.1348591446876526,4.289663372573221
20.704165753307528,0.684950089841383,0.419464647769928,0.21476352214813232,11.5986187225486
25.062608165772936,0.8341479836614933,0.19889488816261292,0.1724126935005188,2.8029525325607456
22.572756191369123,0.777080086519138,0.28370800614356995,0.1992936134338379,5.6789649329493805
22.542058329005123,0.7438472848162846,0.311431884765625,0.1949295997619629,3.984136752292367
19.252356817338793,0.6657589907652977,0.5706038475036621,0.20141541957855225,31.482335587943403
27.320236468409647,0.6801149933886077,0.12092244625091553,0.0585903525352478,0.5971413550190697
19.42419596985974,0.5526459057550819,0.5043612122535706,0.19479107856750488,14.911569990469632
23.544147906770334,0.8009762342178463,0.2560989260673523,0.18147063255310059,4.101420934205877
25.551632968302627,0.8539406403103598,0.18575730919837952,0.18173086643218994,2.6137305787443794
22.41957793736145,0.7639184778895857,0.2714542746543884,0.1927039623260498,3.0033995711248576
21.77965236026646,0.726444560945916,0.3431952893733978,0.18183612823486328,8.198219422140214
23.131503022488815,0.7869205781068794,0.328654944896698,0.17293024063110352,5.816653269577302
21.04790106473725,0.6282440429233859,0.4358009099960327,0.19158774614334106,23.019568312571582
25.996085232290564,0.869083810911248,0.1662432849407196,0.17626160383224487,1.9690429472181816
23.841455987245737,0.8038070841890923,0.23195186257362366,0.15261554718017578,5.025281561352828
22.745303362753646,0.7399653416151147,0.2972615361213684,0.18973982334136963,3.4741441845968435
24.41054589973748,0.8164697402051416,0.23721548914909363,0.16491353511810303,2.729871692367658
22.828133543229647,0.7831992423973739,0.294897198677063,0.18655180931091309,6.751403867545804
22.124043273514978,0.7573076925838942,0.33007651567459106,0.18938922882080078,11.110921761658846
19.551838030258427,0.6154504319989548,0.49580830335617065,0.2057710886001587,15.399668828882312
23.75835941498531,0.8077472458856966,0.23139336705207825,0.19361966848373413,3.61288510891731
24.468717878828024,0.8023189422650632,0.24733206629753113,0.19961506128311157,4.516859557294514
22.595437319460974,0.7676403774113439,0.2879161238670349,0.2058696746826172,3.7630636956100045
22.285128633592414,0.7572725985644121,0.3597937822341919,0.18755263090133667,7.48546917642966
23.428891472144603,0.7865260886976351,0.28158342838287354,0.17234861850738525,4.692376772033744
21.194458073435698,0.7307699743016328,0.34338563680648804,0.16840535402297974,7.1566408306595015
23.960384836218942,0.8083121503843829,0.2557966113090515,0.1888943910598755,3.567654183878186
22.044613747230702,0.7389360989479223,0.2916838526725769,0.14926207065582275,5.993607835908005
25.1544560308471,0.8545132614075189,0.184990793466568,0.12376570701599121,2.556135405659349
21.805149434896727,0.7493016485946601,0.25895601511001587,0.15330368280410767,3.5631575616243873
26.351324702931255,0.6844905325860421,0.10338211059570312,0.044308364391326904,0.513674282069226
21.905176597958768,0.7557242047313538,0.2862716615200043,0.15478163957595825,6.977830296282639
21.05515420391764,0.6457680556318108,0.37547481060028076,0.18991690874099731,8.099031831793837
21.03180824409355,0.6756911075468881,0.36090320348739624,0.1828814148902893,4.693228275947055
22.497716414246387,0.7486030929714315,0.318581223487854,0.19631576538085938,8.767719400797676
21.396494078785445,0.6947788451783802,0.36976179480552673,0.17022764682769775,8.108968516590544
26.09220726047703,0.6622049115463557,0.10982414335012436,0.05319535732269287,0.5781341954691659
22.687988461733486,0.7656409246633413,0.2802431583404541,0.18313950300216675,3.6516937910760934
22.73831275934185,0.7311455228483579,0.4605182409286499,0.20550906658172607,37.32629914635207
31.05486337527916,0.7805622400426899,0.1960555464029312,0.12301188707351685,0.9551051635137866
24.76812743941864,0.8626090198844452,0.21484880149364471,0.16437846422195435,2.6106359872167193
22.39477648212686,0.7303512178917615,0.31577351689338684,0.18451666831970215,3.730400031143146
21.971443083691117,0.7207041352889924,0.37991875410079956,0.16216140985488892,10.419279895097942
20.574233585774774,0.675855391987581,0.4212830662727356,0.21980082988739014,13.767283174930695
21.850308212213598,0.7457410672218978,0.2901650071144104,0.16112172603607178,6.651715729673681
22.227041100092734,0.7201111374196313,0.34322935342788696,0.1838773488998413,3.353674422374439
31.488003914895437,0.7630274558856297,0.18116648495197296,0.12383615970611572,1.1742789132045097
23.417153669339594,0.784429065737171,0.23335358500480652,0.1404314637184143,3.779864425510423
22.58878580302662,0.7304799632151365,0.4559798836708069,0.21001172065734863,54.64961960326671
22.06211717370214,0.8010596412932344,0.2943756580352783,0.197637140750885,5.307072778105834
23.53521888242181,0.7956402785304146,0.23106898367404938,0.17588096857070923,3.9564356119780633
21.47908218197129,0.7311966549230524,0.27681711316108704,0.17497986555099487,6.471908291282494
20.25882423036566,0.6119174619963678,0.46106359362602234,0.20264804363250732,10.481394280442599
