,precision,recall,f1-score,support
10k,0.9781021897810219,0.9203296703296703,0.9483368719037509,728.0
50k,0.6827896512935883,0.8337912087912088,0.7507730364873222,728.0
100k,0.72544080604534,0.7912087912087912,0.7568988173455979,728.0
500k,0.7861111111111111,0.7774725274725275,0.7817679558011049,728.0
1000k,0.815625,0.717032967032967,0.7631578947368421,728.0
Clean,0.9875,0.8681318681318682,0.9239766081871345,728.0
accuracy,0.8179945054945055,0.8179945054945055,0.8179945054945055,0.8179945054945055
macro avg,0.8292614597051768,0.8179945054945055,0.8208185307436254,4368.0
weighted avg,0.829261459705177,0.8179945054945055,0.8208185307436254,4368.0
