epoch,train_loss,val_l1,lr,epoch_seconds
1,1.7790978523727519,12407.486821771978,0.0001,20.34850039899993
2,0.9674746766106306,9272.581795157967,0.0001,20.366918700000497
3,0.854245182139192,6979.0706129807695,0.0001,20.46153894300005
4,0.8144759964094279,6583.0574132898355,0.0001,20.395545141000184
5,0.7745700292247819,6885.276356456044,0.0001,20.194407752999723
6,0.7263120859032611,6598.076826493819,0.0001,20.267811195999457
7,0.7417194607923505,5907.813852163462,0.0001,20.498894321999614
8,0.7476151290539241,7262.088384271978,0.0001,20.220838256000206
9,0.7296343450418966,5641.551532451923,0.0001,20.424881932000062
10,0.7155634518194782,5960.215777386676,0.0001,20.01583249899977
11,0.7046197776136727,5802.244484031594,0.0001,20.072974556999725
12,0.6865116594498096,6124.3782623626375,0.0001,20.163601309000114
13,0.6742533876315108,6561.788965916896,0.0001,20.146434430000227
14,0.6579579585651402,5795.996716174451,0.0001,20.121925100000226
15,0.6395680096841627,5300.426317822802,0.0001,20.27039619199968
16,0.6436363841190487,6430.277322287088,0.0001,20.10837496000022
17,0.6493169789319574,5822.680406507555,0.0001,20.19215459299994
18,0.6413862708545766,5623.083737551511,0.0001,20.18327829499958
19,0.6458019481617564,6779.8828125,0.0001,20.333215450000353
20,0.6603481354517189,5696.424611521291,0.0001,20.169134447999568
21,0.6321674952650229,6574.727421016483,0.0001,20.162413034000565
22,0.6238635620630623,5482.57766354739,0.0001,20.084315046000484
23,0.6119100153114693,5237.619966947115,0.0001,20.476607497999794
24,0.641490129262905,6097.73293698489,0.0001,20.27507844699994
25,0.6133939586041104,5771.830925910028,0.0001,20.087207272999876
26,0.6011468246993552,5785.175094436813,0.0001,20.18759727499946
27,0.610583359062738,5271.4607014079675,0.0001,20.22122229999968
28,0.6193128271283244,5693.900240384615,0.0001,20.237483498000074
29,0.6025306050716438,6735.385495364011,0.0001,20.241488532999938
30,0.5983135917693277,5759.734246222528,0.0001,20.206942746000095
