Config,PSNR,SSIM,LPIPS,DISTS,R_H
C0,30.99 ± 2.05,0.8637 ± 0.0958,0.1070 ± 0.0823,0.1175 ± 0.0230,0.6391 ± 0.2067
C1,30.22 ± 2.00,0.8578 ± 0.0975,0.0714 ± 0.0421,0.0798 ± 0.0181,0.7315 ± 0.1910
C2,30.67 ± 1.91,0.8691 ± 0.0763,0.0517 ± 0.0216,0.0593 ± 0.0127,0.8296 ± 0.1687
C3,29.98 ± 1.86,0.8581 ± 0.0775,0.0521 ± 0.0209,0.0632 ± 0.0146,0.8674 ± 0.2340
C4,28.81 ± 1.37,0.8211 ± 0.0753,0.0806 ± 0.0259,0.0867 ± 0.0196,0.7024 ± 0.2562
C5,30.67 ± 1.95,0.8658 ± 0.0851,0.0507 ± 0.0240,0.0648 ± 0.0150,0.7179 ± 0.1811
C6,30.40 ± 1.79,0.8611 ± 0.0814,0.0559 ± 0.0248,0.0692 ± 0.0138,0.7286 ± 0.2128
C7,29.81 ± 1.80,0.8594 ± 0.0884,0.0709 ± 0.0387,0.0706 ± 0.0127,0.5976 ± 0.2090
C8,29.25 ± 1.64,0.8559 ± 0.0845,0.0677 ± 0.0323,0.0752 ± 0.0123,0.8384 ± 0.2799
C9,30.42 ± 2.02,0.8626 ± 0.0887,0.0739 ± 0.0312,0.0939 ± 0.0163,0.9085 ± 0.1862
C10,29.75 ± 2.29,0.8378 ± 0.1123,0.0816 ± 0.0444,0.0995 ± 0.0204,0.9447 ± 0.2595
