epoch,train_loss,val_loss,val_accuracy,val_accuracy_clean_vs_1000k,val_mae_log10,checkpoint
1,0.10875064416515372,0.09484589099884033,0.6433150172233582,0.7980769276618958,0.3055104613304138,True
2,0.07520261387560692,0.15215839445590973,0.4961080551147461,0.5906593203544617,0.45406877994537354,
3,0.06305266154842284,0.08072228729724884,0.5899725556373596,0.8207417726516724,0.30811798572540283,True
4,0.053817368638423756,0.09404434263706207,0.6627747416496277,0.7410714030265808,0.3358224928379059,
5,0.0471251388817672,0.06504713743925095,0.6554487347602844,0.8179945349693298,0.2533559799194336,True
6,0.03798675555342164,0.04573948308825493,0.6865842342376709,0.9182692170143127,0.22371172904968262,True
7,0.03676173191905729,0.06475798785686493,0.7003205418586731,0.875,0.2578011453151703,
8,0.03360886591969042,0.1825421303510666,0.529304027557373,0.7706043720245361,0.45420780777931213,
9,0.031314516248727754,0.055679403245449066,0.7509157657623291,0.8571428656578064,0.21739840507507324,
10,0.03133431399668594,0.03650420904159546,0.7870879173278809,0.9223901033401489,0.18323509395122528,True
