Configuration,Label,Matching,S_1,S_phi,lambda,influence
C0,L1,-,0.2740251175951507,,0.0,0.0
C1,VGG-19,pointwise,0.2740251175951507,1.1079512568018726,4.699193400742626,0.95
C2,LPIPS-VGG,pointwise,0.2740251175951507,0.5682395603155533,9.162468785905386,0.95
C3,DISTS,statistics,0.2740251175951507,0.7455255287109943,6.983633737277652,0.95
C4,RadImageNet,pointwise,0.2740251175951507,2.355198753556367,2.2106317891201495,0.95
C5,DINOv2-S pointwise,pointwise,0.2740251175951507,3.185710645491077,1.6343220755710788,0.95
C6,DINOv2-B pointwise,pointwise,0.2740251175951507,2.084888387972839,2.4972450632574033,0.95
C7,MedSigLIP,pointwise,0.2740251175951507,1.3864166800251791,3.755348092186327,0.95
C8,DINOv2-S statistics,statistics,0.2740251175951507,2.6484023257012628,1.9658936196294308,0.95
C9,CT dose net pointwise,pointwise,0.2740251175951507,3.274306200502712,1.590100899393128,0.95
C10,CT dose net statistics,statistics,0.2740251175951507,1.7888829859265762,2.910462716269333,0.95
