Configuration,ms_per_step,train_seconds,test_seconds,gpu_hours,peak_gpu_memory_gb,batch_size
C0,118.07888427307711,491.4404180460001,66.03124172999992,0.15485323882666668,6.276967525482178,8
C1,129.35134521094045,536.5568055020003,66.38140464599974,0.16748283615222223,6.376351356506348,8
C2,140.8097187786941,574.1653926129998,68.0505943979997,0.17839332972527763,7.059152603149414,8
C3,146.91891923845597,595.140184199,68.3849664850004,0.1843125418566668,7.1683573722839355,8
C4,134.31384626923554,554.1064564749995,67.17755992699949,0.17257889344499971,6.652764797210693,8
C5,150.24242855207274,607.1867389250001,88.56373109499964,0.19326401944999994,6.384929656982422,8
C6,200.590570605918,779.0488085939996,67.48914930200044,0.23514943274888891,6.89948844909668,8
C7,1484.5510834970428,5134.960282569,66.71621930900073,1.4449101394105557,17.00941514968872,8
C8,152.81245804377605,616.7599032390008,67.2235986759988,0.189995417198611,6.383274555206299,8
C9,128.0857464511869,533.4076801640003,68.39533114999904,0.16716750314277762,6.426831245422363,8
C10,132.12363579732752,547.1655145280001,67.53425702499953,0.1707499365424999,6.487799167633057,8
