Item,Value
Trained configurations,11
Seeds,3
Full U-Net runs,33
"CT dose network pretraining, GPU hours (measured)",0.111
"Screen (Step 1.4), GPU hours (measured)",0.238
"Calibration (Step 2.1), GPU hours (measured)",0.086
"GPU hours per U-Net run, C0 (measured in Step 1.2)",0.155
"GPU hours per U-Net run, C7 MedSigLIP (measured in Step 2.3)",1.445
GPU hours of the seed 42 U-Net runs (11 of 11),3.259
GPU hours used in Weeks 1 and 2,3.694
"Total GPU hours of the protocol (3 seeds, from the seed 42 runs)",10.211
GPU,NVIDIA A100-SXM4-80GB (79.3 GB)
"Largest peak GPU memory of a run, GB",17.0
GPU hours available in Weeks 1 to 3,fill in by hand
