Configuration,Network,Matching,Parameters,lambda,ms_per_step,ms_per_batch_of_8,M_phi,B_phi
C1,VGG-19 relu3_2,pointwise,1145408,4.699193400742626,129.35134521094045,11.103884799922525,0.9999999999999999,1.5091675022018314
C2,LPIPS-VGG,pointwise,14714688,9.162468785905386,140.8097187786941,27.096777999986443,0.9983516483516481,1.4824960764188977
C3,DISTS,statistics,14714688,6.983633737277652,146.91891923845597,26.368321200061473,0.9835164835164834,1.4494686566012753
C4,RadImageNet ResNet-50,pointwise,25557032,2.2106317891201495,134.31384626923554,20.631800400042266,0.9538461538461537,1.8117951388297786
C5,DINOv2-S,pointwise,22056576,1.6343220755710788,150.24242855207274,31.48554960007459,0.9978021978021976,1.7518430344862617
C6,DINOv2-B,pointwise,86580480,2.4972450632574033,200.590570605918,79.4488602000456,0.9972527472527472,1.6693922457447703
C7,MedSigLIP-448,pointwise,428565440,3.755348092186327,1484.5510834970428,1370.4593960000238,0.9994505494505493,1.5345536280768328
C8,DINOv2-S,statistics,22056576,1.9658936196294308,152.81245804377605,28.87349540001196,0.9972527472527472,1.26043092168521
C9,CT dose network,pointwise,1175142,1.590100899393128,128.0857464511869,8.704761599983613,0.724175824175824,0.308272106986067
C10,CT dose network,statistics,1175142,2.910462716269333,132.12363579732752,11.590011200132722,0.7120879120879119,0.7544173161855657
