Configuration,psnr,ssim,lpips,dists,r_h,psnr_std,ssim_std,lpips_std,dists_std,r_h_std,abs_1_minus_r_h,ms_per_step,gpu_hours,lambda,best_epoch,nonfinite_steps
LDCT input (100k),23.039831282073713,0.7423023218293087,0.28425176262178203,0.1641064302487807,6.174314489815102,2.134886228230977,0.06474821927449816,0.09588327071737172,0.04622083611388461,5.8560384356888715,,,,,,
C0 L1,30.876760780524112,0.8715410349205538,0.10363181179220027,0.11151517656716434,0.6521682725388797,1.965684906511342,0.09464758105532402,0.07039343473303014,0.02025724842428117,0.22695720576815906,0.3617381776079769,118.07888427307711,0.15485323882666668,0.0,26.0,0.0
C1 VGG-19,30.16943961642257,0.8618954103657802,0.05990377130325545,0.06937650496309454,0.7688942093571347,1.9354660900089151,0.09051079076217484,0.025732179488082,0.01661348814190555,0.1831572753038628,0.24794572563470785,129.35134521094045,0.16748283615222223,4.699193400742626,27.0,0.0
C2 LPIPS-VGG,30.73067570461205,0.8638712934916956,0.05701052902943709,0.0626515962860801,0.7840946007916939,1.9644762331912784,0.07656790683924702,0.021041560010101608,0.013651987745583741,0.17629313688146095,0.23644760742822216,140.8097187786941,0.17839332972527763,9.162468785905386,26.0,0.0
C3 DISTS,30.02792670695521,0.804479258282661,0.05131301618265835,0.06491087918931787,0.8359599557427185,1.7584221005099994,0.05729783684184774,0.02037368584716228,0.012948404912680775,0.1900621104047211,0.20946412215012253,146.91891923845597,0.1843125418566668,6.983633737277652,28.0,0.0
C4 RadImageNet,28.85301564751651,0.8342159910079415,0.0832149310206825,0.08410903134129265,0.7646951392364648,1.5139137771378068,0.08764945456998503,0.030757617064416876,0.01613386456668415,0.2506087514429818,0.29548166558676586,134.31384626923554,0.17257889344499971,2.2106317891201495,27.0,0.0
C5 DINOv2-S pointwise,29.52740358957236,0.8649050308061866,0.05954033565622839,0.06734782538630746,0.6549049713794469,2.07433734883378,0.08025083531067219,0.030524174026764665,0.01333991707634932,0.21628641866292894,0.3610541531719837,150.24242855207274,0.19326401944999994,1.6343220755710788,23.0,0.0
C6 DINOv2-B pointwise,29.688542926462468,0.8566824213310257,0.06391146597029133,0.07449083734642375,0.7155908478391281,1.7803516352906161,0.0846006453260027,0.03724121884206074,0.014276021866911568,0.27073801195557384,0.3151175934737049,200.590570605918,0.23514943274888891,2.4972450632574033,19.0,0.0
C7 MedSigLIP,29.899906503712206,0.8574544764692511,0.07014832115647468,0.0706214121796868,0.5822351052415027,1.8563443908588249,0.0969045648550626,0.04773639518760668,0.0139578897481748,0.2159830015155943,0.43030203510102805,1484.5510834970428,1.4449101394105557,3.755348092186327,22.0,0.0
C8 DINOv2-S statistics,30.53076766587635,0.866048975203083,0.04834859378805215,0.0602228121324019,0.8573296090179486,1.8579515652072123,0.07527911801195954,0.02111434587982381,0.014400435217520925,0.19611620427189644,0.1856970553826191,152.81245804377605,0.189995417198611,1.9658936196294308,30.0,0.0
C9 CT dose net pointwise,30.255367749826984,0.8456326015548484,0.07811530731957067,0.10010651837695729,0.8708732432430625,1.8012267492294476,0.07178663532521348,0.025515843696811542,0.022930685891639605,0.192451422885363,0.18275484942988998,128.0857464511869,0.16716750314277762,1.590100899393128,27.0,0.0
C10 CT dose net statistics,30.170611815018226,0.8543893768545319,0.06761394171890887,0.09343395124782215,0.8753194449675714,2.0419184496596037,0.09184061001585965,0.029589243339932358,0.017116737873002708,0.24463035792683804,0.19817393615483128,132.12363579732752,0.1707499365424999,2.910462716269333,26.0,0.0
