Network,Matching,ordering_M,dose_ratio_10k_1000k,blur_penalty_B,D_10000,D_50000,D_100000,D_500000,D_1000000,D_blur,Parameters,trained,screen_seconds
Pixel L1 (reference),-,0.9999999999999999,5.7366505547422335,0.8861173044345857,0.18875157440101709,0.10267756160369122,0.07680077897384763,0.0410719859915284,0.0329027491913351,0.06805449924278227,0,True,11.742810973999894
VGG-19 relu3_2,pointwise,0.9999999999999999,2.6057003019748666,1.5091675022018314,1.0604009074824197,0.8219224067179711,0.7086292732875425,0.48343492086444584,0.40695428659955224,1.0694402703544597,1145408,True,13.346486234000167
VGG-19 relu3_2,statistics,0.9989010989010987,1.676270449492859,1.4180709128159608,0.5227641909495815,0.449130511873371,0.4145524700755601,0.3411886677309707,0.3118614845878475,0.5878647996501608,1145408,False,13.66492380800014
LPIPS-VGG,pointwise,0.9983516483516481,2.4252155189045252,1.4824960764188977,0.5443189488007472,0.43592580628919075,0.3819652919422139,0.26810934226755256,0.22444147522469143,0.5662620466325309,14714688,True,16.812763428000153
DISTS,statistics,0.9835164835164834,2.750860853178343,1.4494686566012753,0.41752371191978455,0.3033562895360884,0.25787021137855864,0.17952652619435236,0.1517792917214907,0.3737747888643663,14714688,True,19.242011691000016
RadImageNet ResNet-50,pointwise,0.9538461538461537,7.100710273800603,1.8117951388297786,2.3114318359684156,1.611544203872864,1.2525722591595336,0.5391274384622063,0.3255212150391314,2.2694043301782765,25557032,True,24.775282707000088
RadImageNet ResNet-50,statistics,0.9329670329670328,3.59595276881564,1.3961135611636837,1.513093460064668,1.1585781625011464,0.9792705567983481,0.579488184098359,0.4207767891687351,1.3671729043944851,25557032,False,26.214806070999884
DINOv2-S,pointwise,0.9978021978021976,7.711704487219179,1.7518430344862617,2.80820012485588,1.1175570330777012,0.8237542159609742,0.4578025383608682,0.36414778723821534,1.4430880853599244,22056576,True,26.374946733000115
DINOv2-S,statistics,0.9972527472527472,2.366609736317724,1.26043092168521,2.1313830673039615,1.5614191041542933,1.352977184148935,1.0100640851062732,0.9006060587835836,1.7053342792359028,22056576,True,27.483501581000155
DINOv2-B,pointwise,0.9972527472527472,6.271306577770736,1.6693922457447703,2.362586471733156,1.0606192194826,0.8154553021048452,0.4710553721575947,0.376729544702467,1.3613147580852876,86580480,True,29.195855768
DINOv2-B,statistics,0.9939560439560439,2.309777739505928,1.2500723016605058,2.098107011108608,1.5380470487442646,1.3461797057272313,1.0204904531384562,0.9083588326370323,1.6828219631871024,86580480,False,29.49696600099992
DINOv2-L,pointwise,0.9956043956043955,6.886521420244847,1.8737322515318577,2.6759504783939527,1.2711394460319163,0.9436401698615525,0.4982824140525126,0.38857796485279944,1.7681290201105915,304368640,False,54.562758183999904
DINOv2-L,statistics,0.9967032967032966,2.321910238916465,1.2776310811454676,2.0650407652278524,1.5427059324888082,1.3442770216491196,1.0007804815585797,0.8893714884480277,1.7174901045285738,304368640,False,54.82949872500012
CLIP ViT-B/16,pointwise,0.9956043956043954,2.733650566489144,1.570964909679071,3.1016040359224593,2.281202666052095,1.967477750319701,1.347487476173338,1.1346015009906265,3.0908385063265706,85799424,False,29.45434410500002
CLIP ViT-B/16,statistics,0.99010989010989,1.7508060430117396,1.419259969785993,2.0162921881937717,1.7004034086898132,1.5642917732616046,1.2675710801894848,1.1516365254973318,2.2201366948557424,85799424,False,30.340534098999797
MedSigLIP-448,pointwise,0.9994505494505493,3.2543406663550063,1.5345536280768328,0.9474938827884066,0.652035137290483,0.5405567685490126,0.3484598021585863,0.2911477254314737,0.8295133503583761,428565440,True,164.34517093500017
MedSigLIP-448,statistics,0.9956043956043955,2.3333834841536896,1.5369396288305477,1.5969571798712343,1.236658471953738,1.0861891098729857,0.7863680857878464,0.6843955100892665,1.6694070873679696,428565440,False,165.10784655299994
CT dose network,pointwise,0.724175824175824,4.933242233056965,0.308272106986067,3.8793941186024594,3.3748624447610354,3.023595647251868,1.28340020678569,0.7863781941635023,0.9320902008522343,1175142,True,15.403900732000238
CT dose network,statistics,0.7120879120879119,2.692867966968623,0.7544173161855657,1.9698943191177243,1.7127138510510163,1.6091538833884091,0.9497400070284749,0.7315228014447532,1.2139735540354646,1175142,True,16.71137120100002
